GeoID,County,Area,Percentage_in_Poverty ,Poverty_Category_Code,Number_of_Cases,Population_Size,Percent,Percent_num,Percent_Category,ACS_Population,White,Black,AIAN,ASIAN,Hispanic,Other,Percent_White,Percent_Black,Percent_AIAN,Percent_Asian,Percent_Hispanic,Other_Percent
35001000107,Bernalillo,East Gateway,0.042,1,62,"2,737",0.0227,2%,6,2448,1789,73,148,28,394,16,73.08,2.98,6.05,1.14,16.09,0.65
35001000108,Bernalillo,Comanche Juan Tabo,0.074,2,111,"2,694",0.0412,4%,5,2930,1688,60,312,40,748,82,57.61,2.05,10.65,1.37,25.53,2.8
35001000109,Bernalillo,Comanche Juan Tabo,0.076,2,136,"2,568",0.053,5%,5,2443,1557,55,167,9,615,40,63.73,2.25,6.84,0.37,25.17,1.63
35001000110,Bernalillo,Comanche Juan Tabo,0.226,4,160,"3,601",0.0444,4%,5,3884,2337,26,117,66,1232,106,60.17,0.67,3.01,1.7,31.72,2.73
35001000111,Bernalillo,Comanche Juan Tabo,0.049,1,116,"2,823",0.0411,4%,5,3042,1894,81,0,114,837,116,62.26,2.66,0,3.75,27.51,3.81
35001000112,Bernalillo,East Gateway,0.101,3,60,"2,095",0.0286,3%,6,2011,1397,45,0,56,502,11,69.47,2.24,0,2.78,24.96,0.55
35001000113,Bernalillo,Comanche Juan Tabo,0.2,4,79,"3,216",0.0246,2%,6,3463,2063,160,170,18,933,119,59.57,4.62,4.91,0.52,26.94,3.44
35001000114,Bernalillo,Comanche Juan Tabo,0.197,3,132,"3,239",0.0408,4%,5,3173,1467,126,131,65,1329,55,46.23,3.97,4.13,2.05,41.88,1.74
35001000115,Bernalillo,Indian School Juan Tabo,0.227,4,151,"3,334",0.0453,5%,5,3329,1430,181,352,32,1247,87,42.96,5.44,10.57,0.96,37.46,2.61
35001000116,Bernalillo,Indian School Juan Tabo,0.051,2,105,"2,938",0.0357,4%,5,2890,1930,33,37,27,841,22,66.78,1.14,1.28,0.93,29.1,0.76
35001000117,Bernalillo,Montgomery Moon,0.157,3,76,"2,334",0.0326,3%,6,2514,1392,17,74,74,926,31,55.37,0.68,2.94,2.94,36.83,1.23
35001000118,Bernalillo,Montgomery Louisiana,0.121,3,124,"2,887",0.043,4%,5,2373,1290,71,110,68,834,0,54.36,2.99,4.64,2.87,35.15,0
35001000119,Bernalillo,Montgomery Louisiana,0.075,2,57,"1,823",0.0313,3%,6,1809,1084,79,2,38,585,21,59.92,4.37,0.11,2.1,32.34,1.16
35001000120,Bernalillo,Montgomery Moon,0.26,4,107,"2,737",0.0391,4%,5,2998,1345,94,123,74,1323,39,44.86,3.14,4.1,2.47,44.13,1.3
35001000121,Bernalillo,Indian School Pennsylvania,0.159,3,356,"5,721",0.0622,6%,4,5712,3177,488,148,75,1596,228,55.62,8.54,2.59,1.31,27.94,3.99
35001000122,Bernalillo,Indian School Pennsylvania,0.133,3,193,"4,046",0.0477,5%,5,4448,2427,56,25,182,1667,91,54.56,1.26,0.56,4.09,37.48,2.05
35001000123,Bernalillo,Indian School Pennsylvania,0.105,3,193,"5,104",0.0378,4%,5,4290,1818,190,143,46,1994,99,42.38,4.43,3.33,1.07,46.48,2.31
35001000124,Bernalillo,Indian School Pennsylvania,0.158,3,164,"3,647",0.045,4%,5,3971,1618,314,399,0,1457,183,40.75,7.91,10.05,0,36.69,4.61
35001000125,Bernalillo,East Gateway,0.042,1,102,"4,255",0.024,2%,6,3925,2238,61,47,232,1255,92,57.02,1.55,1.2,5.91,31.97,2.34
35001000126,Bernalillo,Indian School Juan Tabo,0.133,3,90,"2,900",0.031,3%,6,2480,1498,44,137,34,689,78,60.4,1.77,5.52,1.37,27.78,3.15
35001000127,Bernalillo,Indian School Juan Tabo,0.122,3,136,"2,839",0.0479,5%,5,2754,1462,1,225,13,985,68,53.09,0.04,8.17,0.47,35.77,2.47
35001000128,Bernalillo,Indian School Juan Tabo,0.258,4,151,"3,278",0.0461,5%,5,3844,1387,115,427,104,1728,83,36.08,2.99,11.11,2.71,44.95,2.16
35001000129,Bernalillo,Indian School Juan Tabo,0.161,3,200,"4,744",0.0422,4%,5,3940,1873,45,145,214,1559,104,47.54,1.14,3.68,5.43,39.57,2.64
35001000203,Bernalillo,Montgomery Louisiana,0.271,4,78,"1,988",0.0392,4%,5,1916,966,53,157,28,678,34,50.42,2.77,8.19,1.46,35.39,1.77
35001000204,Bernalillo,Comanche Carlysle,0.114,3,144,"3,314",0.0435,4%,5,3214,1083,168,124,30,1654,155,33.7,5.23,3.86,0.93,51.46,4.82
35001000205,Bernalillo,Comanche Carlysle,0.217,4,159,"3,302",0.0482,5%,5,3398,1266,45,307,80,1637,63,37.26,1.32,9.03,2.35,48.18,1.85
35001000206,Bernalillo,Montgomery Louisiana,0.08,2,92,"2,994",0.0307,3%,6,2929,1346,98,87,28,1288,82,45.95,3.35,2.97,0.96,43.97,2.8
35001000207,Bernalillo,Indian School Pennsylvania,0.139,3,138,"3,407",0.0405,4%,5,2741,1315,68,27,67,1196,68,47.98,2.48,0.99,2.44,43.63,2.48
35001000208,Bernalillo,Comanche Carlysle,0.239,4,150,"2,796",0.0536,5%,5,2787,843,9,251,92,1468,124,30.25,0.32,9.01,3.3,52.67,4.45
35001000300,Bernalillo,Lomas Girard,0.18,3,189,"6,006",0.0315,3%,6,6230,3847,116,154,152,1704,257,61.75,1.86,2.47,2.44,27.35,4.12
35001000401,Bernalillo,Lomas San Mateo,0.132,3,151,"4,430",0.0341,3%,6,4193,2483,18,147,200,1203,142,59.22,0.43,3.51,4.77,28.69,3.39
35001000402,Bernalillo,Lomas San Mateo,0.121,3,120,"3,450",0.0348,3%,6,3476,2332,60,2,102,870,110,67.09,1.73,0.06,2.93,25.03,3.16
35001000501,Bernalillo,Lomas San Mateo,0.319,5,179,"2,613",0.0685,7%,4,3158,1053,135,350,27,1497,96,33.34,4.27,11.08,0.85,47.4,3.04
35001000502,Bernalillo,Lomas San Mateo,0.255,4,210,"4,734",0.0444,4%,5,4612,2740,99,322,59,1209,183,59.41,2.15,6.98,1.28,26.21,3.97
35001000601,Bernalillo,Indian School Pennsylvania,0.17,3,200,"3,857",0.0519,5%,5,3982,1901,97,155,178,1523,128,47.74,2.44,3.89,4.47,38.25,3.21
35001000603,Bernalillo,Central Penn,0.472,6,442,"5,380",0.0822,8%,4,4469,642,251,313,54,3205,4,14.37,5.62,7,1.21,71.72,0.08
35001000604,Bernalillo,N/A,0.26,4,556,"4,371",0.1272,13%,3,4180,762,86,230,41,2930,131,18.23,2.06,5.5,0.98,70.1,3.13
35001000704,Bernalillo,Central Tabo,0.166,3,210,"3,769",0.0557,6%,4,3368,1381,48,84,64,1743,48,41,1.43,2.49,1.9,51.75,1.43
35001000707,Bernalillo,Central Tabo,0.321,5,555,"6,326",0.0877,9%,4,6774,1563,69,87,31,4932,92,23.07,1.02,1.28,0.46,72.81,1.36
35001000708,Bernalillo,Central Tabo,0.249,4,422,"6,247",0.0676,7%,4,6415,2512,351,234,100,2717,501,39.16,5.47,3.65,1.56,42.35,7.81
35001000710,Bernalillo,East Gateway,0.069,2,216,"6,041",0.0358,4%,5,7213,4015,314,40,424,2170,250,55.66,4.35,0.55,5.88,30.08,3.47
35001000711,Bernalillo,East Gateway,0.17,3,128,"4,491",0.0285,3%,6,4824,2839,95,158,123,1464,145,58.85,1.97,3.28,2.55,30.35,3.01
35001000712,Bernalillo,Central Tabo,0.159,3,196,"4,329",0.0453,5%,5,4107,1868,124,116,166,1709,124,45.48,3.02,2.82,4.04,41.61,3.02
35001000713,Bernalillo,Central Tabo,0.363,5,353,"6,162",0.0573,6%,4,5610,1944,216,150,126,2765,409,34.65,3.85,2.67,2.25,49.29,7.29
35001000714,Bernalillo,Central Tabo,0.084,2,283,"4,784",0.0592,6%,4,5201,1627,128,821,1017,1472,136,31.28,2.46,15.79,19.55,28.3,2.61
35001000801,Military Bases,N/A,0.04,1,148,"4,125",0.0359,4%,5,3963,2516,222,0,64,872,289,63.49,5.6,0,1.61,22,7.29
35001000901,Bernalillo,Central Penn,0.515,6,540,"7,787",0.0693,7%,4,7168,1150,212,649,27,4955,175,16.04,2.96,9.05,0.38,69.13,2.44
35001000903,Bernalillo,Central Penn,0.438,6,350,"6,165",0.0568,6%,4,5659,2100,404,738,77,2214,126,37.11,7.14,13.04,1.36,39.12,2.23
35001000904,Bernalillo,Central Penn,0.273,4,226,"4,380",0.0516,5%,5,4355,1197,94,94,209,2586,175,27.49,2.16,2.16,4.8,59.38,4.01
35001001101,Bernalillo,Lomas San Mateo,0.133,3,131,"5,186",0.0253,3%,6,4713,2613,100,67,84,1596,253,55.44,2.12,1.42,1.78,33.86,5.36
35001001102,Bernalillo,Gibson University,0.269,4,118,"3,210",0.0368,4%,5,3094,1364,159,129,45,1378,19,44.09,5.14,4.17,1.45,44.54,0.61
35001001200,Bernalillo,Gibson University,0.3,5,624,"7,414",0.0842,8%,4,7108,1823,470,162,484,3961,208,25.65,6.61,2.28,6.81,55.73,2.93
35001001300,Bernalillo,Rio Bravo Second,0.347,5,326,"4,742",0.0687,7%,4,4236,202,143,198,0,3626,67,4.77,3.38,4.67,0,85.6,1.58
35001001400,Bernalillo,Lomas Broadway,0.354,5,193,"3,223",0.0599,6%,4,2641,453,140,37,0,1998,13,17.15,5.3,1.4,0,75.65,0.49
35001001500,Bernalillo,Lomas Broadway,0.225,4,111,"2,708",0.041,4%,5,2097,851,52,27,55,1100,12,40.58,2.48,1.29,2.62,52.46,0.57
35001001600,Bernalillo,Gibson University,0.312,5,93,"2,571",0.0362,4%,5,2456,1133,40,211,116,773,183,46.13,1.63,8.59,4.72,31.47,7.45
35001001700,Bernalillo,Lomas Girard,0.288,4,126,"5,011",0.0251,3%,6,4578,3134,0,63,98,1190,93,68.46,0,1.38,2.14,25.99,2.03
35001001800,Bernalillo,Lomas Girard,0.458,6,96,"2,897",0.0331,3%,6,2010,817,57,141,202,690,103,40.65,2.84,7.01,10.05,34.33,5.13
35001001900,Bernalillo,Lomas Girard,0.116,3,28,"1,052",0.0266,3%,6,1036,628,28,33,25,297,25,60.62,2.7,3.19,2.41,28.67,2.41
35001002000,Bernalillo,Lomas Broadway,0.382,5,165,"2,348",0.0703,7%,4,2094,644,48,168,137,1018,79,30.75,2.29,8.02,6.54,48.62,3.77
35001002100,Bernalillo,Lomas Broadway,0.388,5,92,"1,864",0.0494,5%,5,1422,497,94,147,5,626,53,34.95,6.61,10.34,0.35,44.02,3.72
35001002200,Bernalillo,Lomas Broadway,0.184,3,107,"3,304",0.0324,3%,6,2949,1557,45,125,64,1108,50,52.8,1.53,4.24,2.17,37.57,1.7
35001002300,Bernalillo,Central Coors,0.253,4,651,"9,085",0.0717,7%,4,8941,803,40,15,0,8034,49,8.98,0.45,0.17,0,89.86,0.55
35001002401,Bernalillo,Central Coors,0.149,3,437,"5,341",0.0818,8%,4,4851,818,8,89,0,3895,41,16.86,0.16,1.83,0,80.29,0.84
35001002402,Bernalillo,Central Coors,0.365,5,587,"8,479",0.0692,7%,4,7751,502,300,483,24,6373,69,6.48,3.87,6.23,0.31,82.22,0.89
35001002500,Bernalillo,Lomas Broadway,0.362,5,152,"2,419",0.0628,6%,4,2796,769,87,0,9,1910,21,27.5,3.11,0,0.32,68.31,0.75
35001002600,Bernalillo,Lomas Broadway,0.242,4,35,"1,039",0.0337,3%,6,1057,406,6,70,0,559,16,38.41,0.57,6.62,0,52.89,1.51
35001002700,Bernalillo,Lomas Broadway,0.229,4,171,"3,645",0.0469,5%,5,4085,1424,63,135,28,2377,58,34.86,1.54,3.3,0.69,58.19,1.42
35001002900,Bernalillo,Candelaria Second,0.201,4,294,"4,038",0.0728,7%,4,4314,1241,14,226,29,2781,23,28.77,0.32,5.24,0.67,64.46,0.53
35001003001,Bernalillo,Candelaria Second,0.189,3,174,"4,951",0.0351,4%,5,5227,1624,36,126,0,3362,79,31.07,0.69,2.41,0,64.32,1.51
35001003002,Bernalillo,Montano Rio Grande,0.175,3,132,"4,161",0.0317,3%,6,4261,1798,4,21,22,2366,50,42.2,0.09,0.49,0.52,55.53,1.17
35001003100,Bernalillo,Montano Rio Grande,0.118,3,80,"2,913",0.0275,3%,6,2564,1535,0,50,14,943,22,59.87,0,1.95,0.55,36.78,0.86
35001003201,Bernalillo,Candelaria Second,0.193,3,147,"2,941",0.05,5%,5,2603,745,30,11,9,1755,53,28.62,1.15,0.42,0.35,67.42,2.04
35001003202,Bernalillo,Candelaria Second,0.202,4,276,"5,478",0.0504,5%,5,4950,1230,0,186,15,3362,157,24.85,0,3.76,0.3,67.92,3.17
35001003400,Bernalillo,Comanche Carlysle,0.413,6,548,"4,670",0.1173,12%,3,4521,1161,110,459,13,2756,22,25.68,2.43,10.15,0.29,60.96,0.48
35001003501,Bernalillo,Alameda Edith,0.133,3,251,"5,669",0.0443,4%,5,6043,1954,69,16,0,3766,238,32.33,1.14,0.26,0,62.32,3.94
35001003502,Bernalillo,Montano Rio Grande,0.091,2,181,"5,244",0.0345,3%,6,5239,3137,16,111,28,1906,41,59.88,0.31,2.12,0.53,36.38,0.78
35001003600,Bernalillo,Alameda Edith,0.107,3,315,"6,206",0.0508,5%,5,7562,2667,226,0,81,4588,0,35.27,2.99,0,1.07,60.67,0
35001003707,Bernalillo,Montgomery Louisiana,0.129,3,205,"5,087",0.0403,4%,5,4665,2574,0,171,59,1542,319,55.18,0,3.67,1.26,33.05,6.84
35001003712,Bernalillo,Paseo Ventura,0.174,3,244,"5,084",0.048,5%,5,4812,2943,82,103,344,1208,132,61.16,1.7,2.14,7.15,25.1,2.74
35001003714,Bernalillo,Montgomery Louisiana,0.222,4,290,"7,176",0.0404,4%,5,7238,2708,363,547,277,3299,44,37.41,5.02,7.56,3.83,45.58,0.61
35001003715,Bernalillo,Paseo Ventura,0.036,1,153,"4,244",0.0361,4%,5,3741,2314,36,14,196,1137,44,61.86,0.96,0.37,5.24,30.39,1.18
35001003717,Bernalillo,Montgomery Moon,0.112,3,183,"5,415",0.0338,3%,6,5264,3046,30,261,309,1539,79,57.86,0.57,4.96,5.87,29.24,1.5
35001003718,Bernalillo,Montgomery Moon,0.098,2,80,"2,472",0.0324,3%,6,2557,1310,66,151,420,545,65,51.23,2.58,5.91,16.43,21.31,2.54
35001003719,Bernalillo,Academy Tramway,0.147,3,217,"5,162",0.042,4%,5,5546,3186,97,255,276,1628,104,57.45,1.75,4.6,4.98,29.35,1.88
35001003721,Bernalillo,Academy Tramway,0.022,1,128,"6,320",0.0203,2%,6,6967,4853,251,27,447,1191,198,69.66,3.6,0.39,6.42,17.09,2.84
35001003722,Bernalillo,Paseo Louisiana,0.115,3,317,"6,485",0.0489,5%,5,6658,2756,15,0,1453,2205,229,41.39,0.23,0,21.82,33.12,3.44
35001003723,Bernalillo,Paseo Louisiana,0.113,3,271,"5,704",0.0475,5%,5,5770,3105,143,293,148,2024,57,53.81,2.48,5.08,2.56,35.08,0.99
35001003724,Bernalillo,Paseo Louisiana,0.078,2,113,"3,330",0.0339,3%,6,3161,2030,50,50,85,893,53,64.22,1.58,1.58,2.69,28.25,1.68
35001003725,Bernalillo,Paseo Louisiana,0.107,3,212,"4,719",0.0449,4%,5,4154,2263,72,190,0,1524,105,54.48,1.73,4.57,0,36.69,2.53
35001003726,Bernalillo,Academy Tramway,0.04,1,74,"2,393",0.0309,3%,6,2415,1868,56,0,137,336,18,77.35,2.32,0,5.67,13.91,0.75
35001003728,Bernalillo,Academy Tramway,0.125,3,184,"4,549",0.0404,4%,5,4244,2350,64,314,87,1120,309,55.37,1.51,7.4,2.05,26.39,7.28
35001003729,Bernalillo,Academy Tramway,0.046,1,53,"1,819",0.0291,3%,6,2070,1371,10,13,80,580,16,66.23,0.48,0.63,3.86,28.02,0.77
35001003730,Bernalillo,Paseo Ventura,0.023,1,126,"4,925",0.0256,3%,6,4428,2956,156,16,408,788,104,66.76,3.52,0.36,9.21,17.8,2.35
35001003731,Bernalillo,Paseo Ventura,0.041,1,145,"3,606",0.0402,4%,5,3957,2825,0,38,146,864,84,71.39,0,0.96,3.69,21.83,2.13
35001003732,Bernalillo,Paseo Ventura,0.029,1,267,"7,389",0.0361,4%,5,6938,3933,223,17,1130,1471,164,56.69,3.21,0.25,16.29,21.2,2.36
35001003733,Bernalillo,Comanche Carlysle,0.472,6,286,"3,745",0.0764,8%,4,3611,982,483,432,110,1519,85,27.19,13.38,11.96,3.05,42.07,2.35
35001003735,Bernalillo,Alameda Edith,0.055,2,284,"6,494",0.0437,4%,5,7007,2844,71,152,205,3570,165,40.59,1.01,2.17,2.93,50.95,2.36
35001003736,Bernalillo,N/A,0.228,4,222,"2,015",0.1102,11%,3,2365,725,67,244,29,1148,152,30.66,2.83,10.32,1.23,48.54,6.42
35001003737,Bernalillo,Academy Tramway,0.042,1,84,"2,809",0.0299,3%,6,2745,1809,0,79,259,565,33,65.9,0,2.88,9.44,20.58,1.2
35001003738,Bernalillo,Academy Tramway,0.15,3,120,"4,920",0.0244,2%,6,4740,3085,61,93,185,1140,176,65.08,1.29,1.96,3.9,24.05,3.71
35001003803,Bernalillo,East Mountain,0.04,1,66,"3,216",0.0205,2%,6,3502,2875,0,53,6,552,16,82.1,0,1.51,0.17,15.76,0.46
35001003804,Bernalillo,East Mountain,0.04,1,102,"5,512",0.0185,2%,6,5873,4179,0,64,149,1332,149,71.16,0,1.09,2.54,22.68,2.54
35001003805,Bernalillo,East Mountain,0.069,2,54,"2,433",0.0222,2%,6,2492,1420,9,0,20,865,178,56.98,0.36,0,0.8,34.71,7.14
35001003806,Bernalillo,East Mountain,0.068,2,94,"3,533",0.0266,3%,6,3438,2593,27,94,21,664,39,75.42,0.79,2.73,0.61,19.31,1.13
35001003807,Bernalillo,East Mountain,0.1,3,89,"4,539",0.0196,2%,6,4767,3217,10,159,118,1112,151,67.48,0.21,3.34,2.48,23.33,3.17
35001004001,Bernalillo,Rio Bravo Second,0.267,4,458,"5,085",0.0901,9%,4,5112,1045,19,27,0,4014,7,20.44,0.37,0.53,0,78.52,0.14
35001004300,Bernalillo,Arenal Tapia,0.337,5,399,"5,190",0.0769,8%,4,5321,841,114,99,0,4233,34,15.81,2.14,1.86,0,79.55,0.64
35001004401,Bernalillo,Arenal Tapia,0.307,5,240,"3,236",0.0742,7%,4,3193,372,8,0,0,2813,0,11.65,0.25,0,0,88.1,0
35001004402,Bernalillo,Arenal Tapia,0.161,3,262,"4,109",0.0638,6%,4,4080,758,0,74,85,3056,107,18.58,0,1.81,2.08,74.9,2.63
35001004501,Bernalillo,Arenal Tapia,0.286,4,247,"3,619",0.0683,7%,4,3752,321,0,0,0,3431,0,8.56,0,0,0,91.44,0
35001004502,Bernalillo,Arenal Tapia,0.327,5,291,"3,628",0.0802,8%,4,4163,463,29,212,0,3413,46,11.12,0.7,5.09,0,81.98,1.1
35001004602,Bernalillo,Isleta Gun Club,0.181,3,273,"4,457",0.0613,6%,4,4017,1043,49,21,32,2872,0,25.96,1.22,0.52,0.8,71.5,0
35001004603,Bernalillo,N/A,0.177,3,279,"3,694",0.0755,8%,4,4037,578,39,249,14,3126,31,14.32,0.97,6.17,0.35,77.43,0.77
35001004604,Bernalillo,Isleta Gun Club,0.213,4,405,"5,679",0.0713,7%,4,5322,1048,48,29,38,4159,0,19.69,0.9,0.54,0.71,78.15,0
35001004712,Bernalillo,So. Ninetyeight,0.202,4,721,"7,425",0.0971,10%,3,6895,620,94,132,0,6049,0,8.99,1.36,1.91,0,87.73,0
35001004713,Bernalillo,Chavez OneEighteenth,0.121,3,749,"7,112",0.1053,11%,3,6679,455,140,183,7,5768,126,6.81,2.1,2.74,0.1,86.36,1.89
35001004715,Bernalillo,Chavez OneEighteenth,0.263,4,401,"5,409",0.0741,7%,4,4673,653,0,58,14,3886,62,13.97,0,1.24,0.3,83.16,1.33
35001004716,Bernalillo,Alameda Coors,0.164,3,87,"2,090",0.0416,4%,5,1919,769,76,148,32,858,36,40.07,3.96,7.71,1.67,44.71,1.88
35001004717,Bernalillo,Alameda Coors,0.167,3,336,"7,831",0.0429,4%,5,7440,2583,407,600,149,3601,100,34.72,5.47,8.06,2,48.4,1.34
35001004720,Bernalillo,Irving Unser,0.15,3,169,"3,575",0.0473,5%,5,3785,1995,74,45,112,1478,81,52.71,1.96,1.19,2.96,39.05,2.14
35001004722,Bernalillo,Del Norte,0.16,3,154,"5,183",0.0297,3%,6,5102,2650,65,550,233,1599,5,51.94,1.27,10.78,4.57,31.34,0.1
35001004723,Bernalillo,Del Norte,0.027,1,291,"7,416",0.0392,4%,5,6876,3271,178,12,297,2939,179,47.57,2.59,0.17,4.32,42.74,2.6
35001004724,Bernalillo,Del Norte,0.036,1,115,"3,245",0.0354,4%,5,3076,1389,57,33,87,1453,57,45.16,1.85,1.07,2.83,47.24,1.85
35001004725,Bernalillo,Del Norte,0.078,2,129,"3,776",0.0342,3%,6,4135,1614,0,17,5,2424,75,39.03,0,0.41,0.12,58.62,1.81
35001004726,Bernalillo,Montano Coors,0.162,3,93,"2,526",0.0368,4%,5,2345,870,86,64,0,1316,9,37.1,3.67,2.73,0,56.12,0.38
35001004727,Bernalillo,Montano Coors,0.089,2,85,"1,930",0.044,4%,5,1843,839,56,2,0,931,15,45.52,3.04,0.11,0,50.52,0.81
35001004728,Bernalillo,Montano Coors,0.047,1,235,"5,201",0.0452,5%,5,5344,2510,142,33,118,2457,84,46.97,2.66,0.62,2.21,45.98,1.57
35001004729,Bernalillo,Montano Coors,0.179,3,190,"3,684",0.0516,5%,5,4026,1500,267,122,34,2051,52,37.26,6.63,3.03,0.84,50.94,1.29
35001004733,Bernalillo,Arenal Unser,0.247,4,686,"7,475",0.0918,9%,4,7071,831,0,102,0,6128,10,11.75,0,1.44,0,86.66,0.14
35001004734,Bernalillo,Arenal Unser,0.238,4,749,"7,566",0.099,10%,3,6573,265,28,145,0,6089,46,4.03,0.43,2.21,0,92.64,0.7
35001004735,Bernalillo,N/A,0.187,3,276,"2,363",0.1168,12%,3,2028,103,26,31,7,1861,0,5.08,1.28,1.53,0.35,91.77,0
35001004736,Bernalillo,Chavez OneEighteenth,0.342,5,235,"1,160",0.2026,20%,2,1638,28,0,0,0,1610,0,1.71,0,0,0,98.29,0
35001004737,Bernalillo,Chavez OneEighteenth,0.146,3,711,"6,270",0.1134,11%,3,8365,973,482,268,24,6415,203,11.63,5.76,3.2,0.29,76.69,2.43
35001004738,Bernalillo,N/A,0.176,3,559,"5,653",0.0989,10%,3,6311,643,220,171,59,5075,143,10.19,3.49,2.71,0.93,80.42,2.27
35001004739,Bernalillo,So. Ninetyeight,0.269,4,661,"6,995",0.0945,9%,4,7213,594,116,195,104,6165,39,8.24,1.61,2.7,1.44,85.47,0.54
35001004740,Bernalillo,So. Ninetyeight,0.177,3,671,"7,574",0.0886,9%,4,7203,830,78,353,0,5638,304,11.52,1.08,4.9,0,78.27,4.22
35001004741,Bernalillo,So. Ninetyeight,0.244,4,726,"7,442",0.0976,10%,3,7253,894,133,777,122,5305,22,12.33,1.83,10.71,1.68,73.14,0.3
35001004742,Bernalillo,No. Ninetyeight,0.133,3,363,"6,425",0.0565,6%,4,6014,2326,117,109,53,3360,49,38.68,1.95,1.81,0.88,55.87,0.81
35001004743,Bernalillo,No. Ninetyeight,0.055,2,201,"3,200",0.0628,6%,4,4211,967,111,322,237,2422,152,22.96,2.64,7.65,5.63,57.52,3.61
35001004744,Bernalillo,No. Ninetyeight,0.057,2,397,"5,270",0.0753,8%,4,6251,2096,186,113,147,3579,130,33.53,2.98,1.81,2.35,57.25,2.08
35001004745,Bernalillo,Alameda Coors,0.073,2,456,"6,663",0.0684,7%,4,6238,2882,76,66,0,3172,42,46.2,1.22,1.06,0,50.85,0.67
35001004746,Bernalillo,Alameda Coors,0.143,3,403,"7,592",0.0531,5%,5,8365,3142,597,316,69,4053,188,37.56,7.14,3.78,0.82,48.45,2.25
35001004747,Bernalillo,Irving Unser,0.04,1,190,"5,147",0.0369,4%,5,5256,2070,73,166,89,2774,84,39.38,1.39,3.16,1.69,52.78,1.6
35001004748,Bernalillo,Irving Unser,0.089,2,402,"9,539",0.0421,4%,5,10224,4802,71,130,182,4616,423,46.97,0.69,1.27,1.78,45.15,4.14
35001004749,Bernalillo,No. Ninetyeight,0.301,5,354,"4,410",0.0803,8%,4,4536,1052,258,294,21,2805,106,23.19,5.69,6.48,0.46,61.84,2.33
35001004750,Bernalillo,No. Ninetyeight,0.067,2,382,"6,736",0.0567,6%,4,6459,1467,261,223,64,4260,184,22.71,4.04,3.45,0.99,65.95,2.85
35001004751,Bernalillo,Irving Unser,0.062,2,185,"2,734",0.0677,7%,4,4112,1777,177,103,60,1889,106,43.21,4.3,2.5,1.46,45.94,2.57
35001004752,Bernalillo,Irving Unser,0.095,2,156,"3,868",0.0403,4%,5,4020,1965,71,90,91,1655,148,48.88,1.77,2.24,2.26,41.17,3.68
35001004753,Bernalillo,Irving Unser,0.066,2,154,"3,654",0.0421,4%,5,4171,1560,163,160,42,2163,83,37.4,3.91,3.84,1.01,51.86,1.99
35001940500,Bernalillo,Paseo Ventura,0.048,1,49,"2,852",0.0172,2%,6,3024,2237,142,69,42,489,45,73.97,4.7,2.28,1.39,16.17,1.49
35001940600,Bernalillo,Southwest,0.145,3,1779,"10,290",0.1729,17%,2,12444,3364,591,2104,527,5573,285,27.03,4.75,16.91,4.23,44.78,2.29
35001940700,Bernalillo,Southwest,0.274,4,267,"2,531",0.1055,11%,3,2806,27,0,2266,6,441,66,0.96,0,80.76,0.21,15.72,2.35
35003976400,Sierra/Catron,N/A,0.229,4,50,"3,518",0.0142,1%,6,3526,2853,0,2,0,671,0,80.91,0,0.06,0,19.03,0
35005000201,Chaves,Roswell N.W.,0.218,4,362,"3,791",0.0955,10%,3,3306,1027,121,10,0,2078,70,31.06,3.66,0.3,0,62.86,2.12
35005000202,Chaves,Roswell S.E.,0.206,4,403,"3,838",0.105,11%,3,3700,1184,192,9,0,2146,169,32,5.19,0.24,0,58,4.57
35005000300,Chaves,Roswell N.W.,0.243,4,573,"6,422",0.0892,9%,4,6669,2728,95,120,431,3260,35,40.91,1.42,1.8,6.46,48.88,0.52
35005000400,Chaves,Roswell S.E.,0.242,4,464,"4,721",0.0983,10%,3,4803,1496,6,7,0,3245,49,31.15,0.12,0.15,0,67.56,1.02
35005000500,Chaves,Roswell S.E.,0.304,5,223,"2,023",0.1102,11%,3,2029,685,50,7,0,1279,8,33.76,2.46,0.34,0,63.04,0.39
35005000600,Chaves,Roswell S.E.,0.367,5,648,"4,930",0.1314,13%,3,4719,627,119,22,0,3889,62,13.29,2.52,0.47,0,82.41,1.31
35005000700,Chaves,Roswell S.E.,0.178,3,545,"4,392",0.1241,12%,3,4553,1469,40,7,0,2991,46,32.26,0.88,0.15,0,65.69,1.01
35005000800,Chaves,Roswell N.W.,0.164,3,660,"5,686",0.1161,12%,3,5830,2041,29,0,0,3653,107,35.01,0.5,0,0,62.66,1.84
35005000900,Chaves,Roswell N.W.,0.13,3,294,"2,723",0.108,11%,3,3118,1502,85,68,0,1463,0,48.17,2.73,2.18,0,46.92,0
35005001001,Chaves,Roswell N.W.,0.075,2,553,"4,710",0.1174,12%,3,5560,3159,11,7,130,2196,57,56.82,0.2,0.13,2.34,39.5,1.03
35005001002,Chaves,Roswell N.W.,0.13,3,359,"4,186",0.0858,9%,4,4536,2759,11,3,0,1763,0,60.82,0.24,0.07,0,38.87,0
35005001101,Chaves,N/A,0.335,5,543,"6,136",0.0885,9%,4,5488,1564,85,304,13,3505,17,28.5,1.55,5.54,0.24,63.87,0.31
35005001102,Chaves,N/A,0.168,3,277,"3,864",0.0717,7%,4,3890,2534,0,65,0,1286,5,65.14,0,1.67,0,33.06,0.13
35005001200,Chaves,N/A,0.258,4,106,"1,604",0.0661,7%,4,1490,876,0,7,0,593,14,58.79,0,0.47,0,39.8,0.94
35005001300,Chaves,N/A,0.176,3,533,"2,999",0.1777,18%,2,3073,807,77,37,0,2149,3,26.26,2.51,1.2,0,69.93,0.1
35005001400,Chaves,N/A,0.157,3,228,"2,787",0.0818,8%,4,2380,867,8,17,10,1471,7,36.43,0.34,0.71,0.42,61.81,0.29
35006941500,Cibola,N/A,0.217,4,263,"2,991",0.0879,9%,4,2788,37,47,2536,0,139,29,1.33,1.69,90.96,0,4.99,1.04
35006945800,Cibola,N/A,0.426,6,126,"2,097",0.0601,6%,4,2287,276,15,1893,5,65,33,12.07,0.66,82.77,0.22,2.84,1.44
35006946100,Cibola,N/A,0.271,4,506,"4,086",0.1238,12%,3,3989,78,0,3751,9,84,67,1.96,0,94.03,0.23,2.11,1.68
35006974201,Cibola,N/A,0.38,5,560,"5,251",0.1066,11%,3,5413,1170,85,1104,0,2928,126,21.61,1.57,20.4,0,54.09,2.32
35006974202,Cibola,N/A,0.213,4,162,"2,949",0.0549,5%,5,2599,927,0,537,10,1032,93,35.67,0,20.66,0.38,39.71,3.58
35006974400,Cibola,N/A,0.22,4,187,"3,269",0.0572,6%,4,4580,1132,0,319,5,2982,142,24.72,0,6.97,0.11,65.11,3.1
35006974700,Cibola,N/A,0.186,3,833,"6,460",0.1289,13%,3,5235,1573,90,356,11,3086,119,30.05,1.72,6.8,0.21,58.95,2.27
35007950500,Colfax/Union,N/A,0.185,3,146,"3,889",0.0375,4%,5,3710,1859,0,0,0,1674,177,50.11,0,0,0,45.12,4.77
35007950600,Colfax,N/A,0.301,5,185,"3,220",0.0575,6%,4,3297,1388,3,3,12,1891,0,42.1,0.09,0.09,0.36,57.36,0
35007950700,Colfax/Union,N/A,0.233,4,311,"5,038",0.0617,6%,4,5161,2440,78,44,40,2446,113,47.28,1.51,0.85,0.78,47.39,2.19
35009000100,Curry,Clovis West,0.377,5,503,"5,105",0.0985,10%,3,5158,761,408,33,45,3687,224,14.75,7.91,0.64,0.87,71.48,4.34
35009000201,Curry,Clovis West,0.201,4,414,"4,223",0.098,10%,3,4563,1751,591,11,175,1847,188,38.37,12.95,0.24,3.84,40.48,4.11
35009000202,Curry,Clovis West,0.267,4,369,"4,388",0.0841,8%,4,3929,1185,177,6,72,2342,147,30.16,4.5,0.15,1.83,59.61,3.74
35009000301,Curry,Clovis East,0.203,4,558,"6,379",0.0875,9%,4,6109,3269,433,2,0,2299,106,53.51,7.09,0.03,0,37.63,1.74
35009000303,Curry,Clovis East,0.16,3,278,"3,656",0.076,8%,4,5018,2482,191,39,51,2019,236,49.46,3.81,0.78,1.02,40.24,4.7
35009000304,Curry,Clovis East,0.063,2,387,"6,499",0.0595,6%,4,5711,4108,136,41,0,1242,184,71.93,2.38,0.72,0,21.75,3.23
35009000400,Curry,Clovis East,0.422,6,357,"4,874",0.0732,7%,4,4047,1336,80,32,68,2422,109,33.01,1.98,0.79,1.68,59.85,2.69
35009000500,Curry,Clovis West,0.309,5,212,"2,407",0.0881,9%,4,2272,591,104,83,17,1462,15,26.01,4.58,3.65,0.75,64.35,0.66
35009000601,Bernalillo,Indian School Pennsylvania,0.14,3,39,"1,278",0.0305,3%,6,1143,898,0,59,0,162,24,78.57,0,5.16,0,14.17,2.1
35009000602,Roosevelt County/Curry County,N/A,0.055,2,254,"4,477",0.0567,6%,4,5353,3735,66,67,114,1272,99,69.77,1.23,1.25,2.13,23.76,1.85
35009000603,Roosevelt/Curry,N/A,0.219,4,345,"4,223",0.0817,8%,4,3954,2090,44,11,0,1772,37,52.86,1.11,0.28,0,44.82,0.94
35009000900,Military Bases,N/A,0.067,2,89,"2,520",0.0353,4%,5,2475,1480,233,0,86,445,231,59.8,9.41,0,3.47,17.98,9.33
35011960100,Quay/DeBaca/Harding,N/A,0.168,3,84,"1,805",0.0465,5%,5,2040,906,32,5,0,1091,6,44.41,1.57,0.25,0,53.48,0.29
35013000102,Dona Ana,Northwest Las Cruces,0.221,4,181,"4,082",0.0443,4%,5,4123,1280,39,0,0,2786,18,31.05,0.95,0,0,67.57,0.44
35013000103,Dona Ana,Northwest Las Cruces,0.375,5,283,"5,050",0.056,6%,4,4793,920,239,37,9,3570,18,19.19,4.99,0.77,0.19,74.48,0.38
35013000104,Dona Ana,Northwest Las Cruces,0.162,3,249,"4,969",0.0501,5%,5,4791,1619,14,4,37,3104,13,33.79,0.29,0.08,0.77,64.79,0.27
35013000201,Dona Ana,N/A,0.261,4,814,"5,914",0.1376,14%,3,5267,1328,74,62,41,3706,56,25.21,1.4,1.18,0.78,70.36,1.06
35013000202,Dona Ana,Northwest Las Cruces,0.223,4,498,"6,198",0.0803,8%,4,6220,1832,59,67,0,4156,106,29.45,0.95,1.08,0,66.82,1.7
35013000300,Dona Ana,Central Las Cruces,0.201,4,201,"3,802",0.0529,5%,5,3389,1186,175,77,13,1928,10,35,5.16,2.27,0.38,56.89,0.3
35013000401,Dona Ana,Central Las Cruces,0.313,5,226,"3,126",0.0723,7%,4,2633,371,0,0,61,2201,0,14.09,0,0,2.32,83.59,0
35013000402,Dona Ana,Central Las Cruces,0.284,4,441,"5,871",0.0751,8%,4,5212,1130,0,0,0,4082,0,21.68,0,0,0,78.32,0
35013000500,Dona Ana,Central Las Cruces,0.278,4,143,"2,973",0.0481,5%,5,2131,658,0,12,0,1375,86,30.88,0,0.56,0,64.52,4.04
35013000600,Dona Ana,Central Las Cruces,0.399,5,203,"2,880",0.0705,7%,4,2534,403,81,15,39,1981,15,15.9,3.2,0.59,1.54,78.18,0.59
35013000700,Dona Ana,University District,0.353,5,355,"6,390",0.0556,6%,4,5750,910,199,150,48,4189,254,15.83,3.46,2.61,0.83,72.85,4.42
35013000800,Dona Ana,University District,0.295,4,206,"3,551",0.058,6%,4,3573,975,356,21,98,2045,78,27.29,9.96,0.59,2.74,57.23,2.18
35013000900,Dona Ana,University District,0.496,6,357,"7,212",0.0495,5%,5,6779,1587,279,221,320,4247,125,23.41,4.12,3.26,4.72,62.65,1.84
35013001000,Dona Ana,University District,0.635,6,61,"4,369",0.014,1%,6,2945,1068,103,131,48,1525,70,36.26,3.5,4.45,1.63,51.78,2.38
35013001102,Dona Ana,Mesilla Picacho Mesilla Park,0.13,3,135,"2,890",0.0467,5%,5,3019,1018,0,3,23,1890,85,33.72,0,0.1,0.76,62.6,2.82
35013001103,Dona Ana,Mesilla Picacho Mesilla Park,0.177,3,189,"4,189",0.0451,5%,5,4224,1358,84,7,57,2718,0,32.15,1.99,0.17,1.35,64.35,0
35013001104,Dona Ana,Mesilla Picacho Mesilla Park,0.392,5,324,"5,084",0.0637,6%,4,5169,1344,0,65,0,3748,12,26,0,1.26,0,72.51,0.24
35013001201,Dona Ana,Sonoma Butterfield Moongate,0.179,3,943,"15,505",0.0608,6%,4,16968,7655,696,75,414,7626,502,45.11,4.1,0.44,2.44,44.94,2.96
35013001203,Dona Ana,Las Alturas Talavera,0.282,4,248,"4,516",0.0549,5%,5,4607,2116,0,0,68,2310,113,45.93,0,0,1.48,50.14,2.45
35013001204,Dona Ana,Las Alturas Talavera,0.081,2,123,"3,870",0.0318,3%,6,4140,2878,12,0,91,1073,86,69.52,0.29,0,2.2,25.92,2.08
35013001205,Dona Ana,Las Alturas Talavera,0.13,3,248,"4,510",0.055,5%,5,4624,2673,88,5,305,1523,30,57.81,1.9,0.11,6.6,32.94,0.65
35013001303,Dona Ana,Dona Ana Fort Selden,0.238,4,471,"7,347",0.0641,6%,4,7796,3056,63,9,31,4637,0,39.2,0.81,0.12,0.4,59.48,0
35013001304,Dona Ana,Sonoma Butterfield Moongate,0.3,5,564,"8,124",0.0694,7%,4,8308,1772,104,76,30,6263,63,21.33,1.25,0.91,0.36,75.39,0.75
35013001305,Dona Ana,Sonoma Butterfield Moongate,0.254,4,276,"5,287",0.0522,5%,5,5084,1516,30,0,0,3523,15,29.82,0.59,0,0,69.3,0.3
35013001306,Dona Ana,Dona Ana Fort Selden,0.166,3,779,"10,372",0.0751,8%,4,12646,5339,113,44,147,6664,339,42.22,0.89,0.35,1.16,52.7,2.68
35013001307,Dona Ana,Dona Ana Fort Selden,0.159,3,475,"6,610",0.0719,7%,4,7154,2342,90,20,186,4427,89,32.74,1.26,0.28,2.6,61.88,1.25
35013001400,Dona Ana,Hatch and Surrounding Area,0.407,6,604,"5,977",0.1011,10%,3,5206,836,8,8,0,4354,0,16.06,0.15,0.15,0,83.63,0
35013001500,Dona Ana,Hatch and Surrounding Area,0.064,2,426,"6,163",0.0691,7%,4,6601,3296,73,168,43,2906,115,49.93,1.11,2.55,0.65,44.02,1.75
35013001600,Dona Ana,South Valley,0.172,3,224,"2,993",0.0748,7%,4,2572,278,0,0,14,2254,26,10.81,0,0,0.54,87.64,1.01
35013001701,Dona Ana,N/A,0.289,4,866,"6,137",0.1411,14%,3,9552,1672,74,38,52,7716,0,17.5,0.77,0.4,0.54,80.78,0
35013001702,Dona Ana,South Valley,0.209,4,135,"1,747",0.0773,8%,4,1426,313,0,0,4,1109,0,21.95,0,0,0.28,77.77,0
35013001703,Dona Ana,South Valley,0.238,4,150,"3,117",0.0481,5%,5,3598,532,0,0,0,3066,0,14.79,0,0,0,85.21,0
35013001705,Dona Ana,Sunland Park,0.378,5,350,"3,348",0.1045,10%,3,3054,57,7,0,0,2990,0,1.87,0.23,0,0,97.9,0
35013001706,Dona Ana,Sunland Park,0.451,6,554,"3,933",0.1409,14%,3,4158,0,0,14,0,4144,0,0,0,0.34,0,99.66,0
35013001707,Dona Ana,Sunland Park,0.373,5,726,"6,092",0.1192,12%,3,5832,153,0,0,0,5679,0,2.62,0,0,0,97.38,0
35013001801,Dona Ana,South Valley,0.267,4,522,"7,020",0.0744,7%,4,5917,1261,0,80,0,4545,31,21.31,0,1.35,0,76.81,0.52
35013001802,Dona Ana,Anthony Berino Chaparral,0.421,6,591,"6,743",0.0876,9%,4,6752,243,14,12,0,6483,0,3.6,0.21,0.18,0,96.02,0
35013001804,Dona Ana,Anthony Berino Chaparral,0.373,5,533,"7,256",0.0735,7%,4,6739,1169,121,0,0,5274,175,17.35,1.8,0,0,78.26,2.59
35013001805,Dona Ana,Anthony Berino Chaparral,0.433,6,420,"4,127",0.1018,10%,3,3644,56,0,0,0,3588,0,1.54,0,0,0,98.46,0
35013001806,Dona Ana,Anthony Berino Chaparral,0.469,6,650,"6,220",0.1045,10%,3,5893,44,0,0,46,5803,0,0.75,0,0,0.78,98.47,0
35013001900,Military Bases,N/A,0.016,1,8,"1,840",0.0043,0%,7,1246,604,281,0,54,283,24,48.48,22.55,0,4.33,22.71,1.93
35015000100,Eddy,Carlsbad,0.27,4,143,"1,866",0.0766,8%,4,1594,613,112,3,0,851,15,38.46,7.03,0.19,0,53.39,0.94
35015000200,Eddy,Carlsbad,0.086,2,347,"4,772",0.0727,7%,4,6079,3648,30,45,195,2136,25,60.01,0.49,0.74,3.21,35.14,0.41
35015000300,Eddy,Carlsbad,0.082,2,417,"6,119",0.0681,7%,4,6065,3157,51,7,0,2832,18,52.05,0.84,0.12,0,46.69,0.3
35015000401,Eddy,Carlsbad,0.095,2,235,"3,771",0.0623,6%,4,3613,1881,0,145,27,1560,0,52.06,0,4.01,0.75,43.18,0
35015000402,Eddy,Carlsbad,0.261,4,371,"4,876",0.0761,8%,4,4240,1699,55,30,0,2442,14,40.07,1.3,0.71,0,57.59,0.33
35015000500,Eddy,Carlsbad,0.23,4,268,"3,539",0.0757,8%,4,3163,1027,163,0,0,1948,25,32.47,5.15,0,0,61.59,0.79
35015000600,Eddy,Carlsbad,0.115,3,525,"5,854",0.0897,9%,4,6391,3166,54,71,35,2832,233,49.54,0.84,1.11,0.55,44.31,3.65
35015000700,Eddy,N/A,0.084,2,309,"5,573",0.0554,6%,4,6182,2907,160,88,0,3013,14,47.02,2.59,1.42,0,48.74,0.22
35015000800,Eddy,N/A,0.158,3,186,"2,400",0.0775,8%,4,1919,581,0,117,0,1215,6,30.28,0,6.1,0,63.31,0.31
35015000900,Eddy,N/A,0.123,3,274,"5,288",0.0518,5%,5,5186,2762,29,67,8,2306,14,53.26,0.56,1.29,0.15,44.47,0.27
35015001000,Eddy,N/A,0.242,4,692,"7,039",0.0983,10%,3,6553,2147,120,245,0,4041,0,32.76,1.83,3.74,0,61.67,0
35015001100,Eddy,N/A,0.21,4,441,"7,064",0.0624,6%,4,6747,3424,62,0,0,3187,74,50.75,0.92,0,0,47.24,1.1
35017964100,Hidalgo/Grant,N/A,0.148,3,42,"2,281",0.0184,2%,6,2231,1604,0,0,0,618,9,71.9,0,0,0,27.7,0.4
35017964200,Hidalgo/Grant,N/A,0.097,2,34,"1,969",0.0173,2%,6,1761,1320,0,0,0,441,0,74.96,0,0,0,25.04,0
35017964300,Grant,Silver City,0.256,4,178,"6,454",0.0276,3%,6,6832,3000,6,135,4,3684,3,43.91,0.09,1.98,0.06,53.92,0.04
35017964400,Grant,Silver City,0.355,5,109,"4,046",0.0269,3%,6,4122,1561,20,12,127,2368,34,37.87,0.49,0.29,3.08,57.45,0.82
35017964500,Hidalgo/Grant,N/A,0.23,4,100,"2,845",0.0351,4%,5,2657,717,126,56,0,1758,0,26.99,4.74,2.11,0,66.16,0
35017964600,Hidalgo/Grant,N/A,0.231,4,93,"2,874",0.0324,3%,6,2962,757,18,34,0,2153,0,25.56,0.61,1.15,0,72.69,0
35017964700,Grant,Silver City,0.166,3,177,"5,481",0.0323,3%,6,5391,3160,72,266,0,1879,14,58.62,1.34,4.93,0,34.85,0.26
35017964800,Hidalgo/Grant,N/A,0.106,3,45,"1,677",0.0268,3%,6,1713,556,0,10,0,1068,79,32.46,0,0.58,0,62.35,4.62
35019961600,Mora/Guadalupe/San Miguel East,N/A,0.145,3,515,"4,381",0.1176,12%,3,4353,844,25,232,9,3217,26,19.39,0.57,5.33,0.21,73.9,0.6
35021000100,Quay/DeBaca/Harding,N/A,0.183,3,12,698,0.0172,2%,6,441,260,0,0,0,175,6,58.96,0,0,0,39.68,1.36
35023970000,Hidalgo County/Grant County,N/A,0.208,4,41,"1,909",0.0215,2%,6,1926,1299,17,40,0,558,12,67.45,0.88,2.08,0,28.97,0.62
35023970200,Hidalgo,"Hidalgo County/Grant County, Other",0.335,5,186,"2,406",0.0773,8%,4,2371,377,37,18,0,1939,0,15.9,1.56,0.76,0,81.78,0
35025000100,Lea,N/A,0.211,4,343,"3,085",0.1112,11%,3,3572,570,65,20,4,2810,103,15.96,1.82,0.56,0.11,78.67,2.89
35025000200,Lea,Hobbs So.,0.239,4,355,"3,812",0.0931,9%,4,3995,773,23,45,0,3021,133,19.35,0.58,1.13,0,75.62,3.33
35025000300,Lea,Hobbs So.,0.32,5,455,"4,316",0.1054,11%,3,4042,316,513,0,0,3197,16,7.82,12.69,0,0,79.09,0.4
35025000400,Lea,Hobbs So.,0.293,4,330,"3,771",0.0875,9%,4,3415,318,497,13,0,2587,0,9.31,14.55,0.38,0,75.75,0
35025000502,Lea,Hobbs No.,0.224,4,666,"6,865",0.097,10%,3,7152,2606,204,64,105,4133,40,36.44,2.85,0.89,1.47,57.79,0.56
35025000503,Lea,Hobbs No.,0.076,2,368,"4,115",0.0894,9%,4,3993,2047,252,31,45,1541,77,51.26,6.31,0.78,1.13,38.59,1.93
35025000504,Lea,Hobbs No.,0.048,1,298,"3,956",0.0753,8%,4,3877,2309,97,46,179,1098,148,59.56,2.5,1.19,4.62,28.32,3.82
35025000600,Lea,Hobbs No.,0.154,3,699,"6,955",0.1005,10%,3,6757,2633,282,20,0,3731,91,38.97,4.17,0.3,0,55.22,1.35
35025000701,Lea,N/A,0.083,2,118,"1,688",0.0699,7%,4,1872,900,5,0,7,948,12,48.08,0.27,0,0.37,50.64,0.64
35025000702,Lea,N/A,0.118,3,657,"3,490",0.1883,19%,2,4002,1557,98,175,40,2110,22,38.91,2.45,4.37,1,52.72,0.55
35025000703,Lea,N/A,0.084,2,191,"2,591",0.0737,7%,4,2694,1466,45,0,0,1103,80,54.42,1.67,0,0,40.94,2.97
35025000704,Lea,N/A,0.053,2,288,"2,842",0.1013,10%,3,2983,1651,14,0,22,1296,0,55.35,0.47,0,0.74,43.45,0
35025000800,Lea,N/A,0.186,3,168,"3,525",0.0477,5%,5,3584,1679,0,132,0,1773,0,46.85,0,3.68,0,49.47,0
35025000900,Lea,N/A,0.163,3,80,"2,403",0.0333,3%,6,2039,800,20,12,0,1207,0,39.23,0.98,0.59,0,59.2,0
35025001003,Lea,N/A,0.114,3,500,"4,681",0.1068,11%,3,4383,1340,186,0,0,2808,49,30.57,4.24,0,0,64.07,1.12
35025001004,Lea,N/A,0.1,3,348,"3,969",0.0877,9%,4,3823,971,35,0,0,2817,0,25.4,0.92,0,0,73.69,0
35025001005,Lea,N/A,0.251,4,283,"3,875",0.073,7%,4,3396,673,44,10,0,2639,30,19.82,1.3,0.29,0,77.71,0.88
35025001100,Lea,N/A,0.138,3,266,"4,893",0.0544,5%,5,4698,2276,6,2,0,2411,3,48.45,0.13,0.04,0,51.32,0.06
35027960200,Lincoln,N/A,0.225,4,59,"1,688",0.035,3%,6,1459,865,6,73,0,494,21,59.29,0.41,5,0,33.86,1.44
35027960300,Lincoln,N/A,0.182,3,91,"2,801",0.0325,3%,6,2892,2047,20,20,0,780,25,70.78,0.69,0.69,0,26.97,0.86
35027960400,Lincoln,N/A,0.175,3,376,"6,603",0.0569,6%,4,6911,4782,35,0,0,2090,4,69.19,0.51,0,0,30.24,0.06
35027960600,Lincoln,N/A,0.123,3,406,"6,049",0.0671,7%,4,6041,3785,0,5,0,2142,109,62.66,0,0.08,0,35.46,1.8
35027960800,Lincoln,N/A,0.17,3,74,"2,408",0.0307,3%,6,2158,1153,40,0,13,952,0,53.43,1.85,0,0.6,44.11,0
35028000100,Los Alamos,N/A,0.048,1,63,"3,994",0.0158,2%,6,3691,2689,0,44,155,584,219,72.85,0,1.19,4.2,15.82,5.93
35028000200,Los Alamos,N/A,0.055,2,65,"5,323",0.0122,1%,6,5414,3854,24,0,187,1157,192,71.19,0.44,0,3.45,21.37,3.55
35028000400,Los Alamos,N/A,0.109,3,61,"3,481",0.0175,2%,6,3694,2380,61,37,490,660,66,64.43,1.65,1,13.26,17.87,1.78
35028000500,Los Alamos,N/A,0.02,1,71,"6,011",0.0118,1%,6,5826,4454,22,86,94,945,225,76.45,0.38,1.48,1.61,16.22,3.86
35029000100,Luna,N/A,0.316,5,473,"5,255",0.09,9%,4,5881,1601,48,0,70,4078,84,27.22,0.82,0,1.19,69.34,1.43
35029000200,Luna,N/A,0.276,4,316,"4,240",0.0745,7%,4,3822,934,45,46,78,2719,0,24.44,1.18,1.2,2.04,71.14,0
35029000300,Luna,N/A,0.282,4,204,"2,327",0.0877,9%,4,2242,698,6,25,40,1473,0,31.13,0.27,1.12,1.78,65.7,0
35029000400,Luna,N/A,0.244,4,445,"5,804",0.0767,8%,4,4854,1974,54,78,0,2748,0,40.67,1.11,1.61,0,56.61,0
35029000500,Luna,N/A,0.349,5,267,"4,273",0.0625,6%,4,4148,1459,19,5,11,2614,40,35.17,0.46,0.12,0.27,63.02,0.96
35029000600,Luna,N/A,0.353,5,590,"2,736",0.2156,22%,1,3136,442,144,25,0,2519,6,14.09,4.59,0.8,0,80.33,0.19
35031940300,Mckinley,SW,0.302,5,973,"6,470",0.1504,15%,2,7265,30,0,7129,7,99,0,0.41,0,98.13,0.1,1.36,0
35031940500,Mckinley,SW,0.537,6,26,"1,414",0.0184,2%,6,1737,61,5,1459,79,102,31,3.51,0.29,84,4.55,5.87,1.78
35031943500,Mckinley,N/A,0.298,4,631,"3,469",0.1819,18%,2,3861,153,16,3591,26,32,43,3.96,0.41,93.01,0.67,0.83,1.12
35031943600,McKinley,NW,0.449,6,858,"5,879",0.1459,15%,2,5630,29,27,5352,9,138,75,0.52,0.48,95.06,0.16,2.45,1.33
35031943700,Mckinley,NW,0.372,5,130,"3,799",0.0342,3%,6,4073,29,0,3960,3,71,10,0.71,0,97.23,0.07,1.74,0.25
35031943800,Mckinley,NW,0.422,6,629,"6,153",0.1022,10%,3,5730,73,9,5468,11,118,51,1.27,0.16,95.43,0.19,2.06,0.89
35031943901,Mckinley,SW,0.358,5,87,"4,849",0.0179,2%,6,4439,52,0,3964,4,268,151,1.17,0,89.3,0.09,6.04,3.4
35031943902,Mckinley,SW,0.422,6,536,"4,232",0.1267,13%,3,4427,154,5,3874,0,394,0,3.48,0.11,87.51,0,8.9,0
35031944000,McKinley,Other,0.405,6,83,"2,158",0.0385,4%,5,2218,13,0,2129,0,36,40,0.59,0,95.99,0,1.62,1.8
35031945200,Mckinley,Gallup,0.354,5,772,"6,533",0.1182,12%,3,7344,885,64,3513,61,2214,607,12.05,0.87,47.83,0.83,30.15,8.27
35031945300,Mckinley,Gallup,0.494,6,371,"3,164",0.1173,12%,3,3288,108,29,1791,19,1235,106,3.28,0.88,54.47,0.58,37.56,3.22
35031945400,Mckinley,N/A,0.295,4,237,"3,245",0.073,7%,4,2604,635,101,752,58,907,151,24.39,3.88,28.88,2.23,34.83,5.8
35031945500,Mckinley,N/A,0.147,3,447,"5,684",0.0786,8%,4,6165,2081,122,1791,345,1752,74,33.76,1.98,29.05,5.6,28.42,1.2
35031945600,Mckinley,Gallup,0.304,5,626,"5,248",0.1193,12%,3,5490,960,10,2250,82,2166,22,17.49,0.18,40.98,1.49,39.45,0.4
35031945700,Mckinley,SW,0.424,6,209,"2,188",0.0955,10%,3,2108,130,15,1920,0,25,18,6.17,0.71,91.08,0,1.19,0.85
35031946000,Mckinley,Other,0.498,6,744,"5,708",0.1303,13%,3,4971,243,6,3961,7,667,87,4.89,0.12,79.68,0.14,13.42,1.75
35031973100,McKinley,N/A,0.126,3,22,"1,049",0.021,2%,6,1088,623,0,342,0,96,27,57.26,0,31.43,0,8.82,2.49
35033955200,Mora/Guadalupe/San Miguel East,N/A,0.193,3,107,"4,505",0.0238,2%,6,4536,713,2,0,0,3696,125,15.72,0.04,0,0,81.48,2.75
35035000100,Otero,Alamogordo S.W.,0.435,6,54,"1,682",0.0321,3%,6,1661,489,65,10,8,1047,42,29.44,3.91,0.6,0.48,63.03,2.53
35035000200,Otero,Alamogordo S.W.,0.332,5,40,"2,004",0.02,2%,6,1770,966,71,0,8,654,71,54.58,4.01,0,0.45,36.95,4.01
35035000303,Otero,Alamogordo N.E.,0.231,4,71,"2,471",0.0287,3%,6,2443,1402,124,42,32,741,102,57.39,5.08,1.72,1.31,30.33,4.18
35035000304,Otero,Alamogordo N.E.,0.083,2,108,"3,466",0.0312,3%,6,3463,2330,91,20,69,824,129,67.28,2.63,0.58,1.99,23.79,3.73
35035000305,Otero,Alamogordo N.E.,0.163,3,110,"3,895",0.0282,3%,6,4295,2156,126,29,13,1954,17,50.2,2.93,0.68,0.3,45.49,0.4
35035000306,Otero,Alamogordo N.E.,0.091,2,97,"3,329",0.0291,3%,6,3285,1786,181,0,111,973,234,54.37,5.51,0,3.38,29.62,7.12
35035000401,Otero,Alamogordo N.E.,0.138,3,139,"5,135",0.0271,3%,6,4355,2831,117,8,0,1190,209,65.01,2.69,0.18,0,27.32,4.8
35035000402,Otero,Alamogordo S.W,0.103,3,130,"7,325",0.0177,2%,6,7429,4597,469,121,285,1755,202,61.88,6.31,1.63,3.84,23.62,2.72
35035000500,Otero,Alamogordo S.W.,0.234,4,123,"5,265",0.0234,2%,6,5330,2562,41,18,58,2651,0,48.07,0.77,0.34,1.09,49.74,0
35035000601,Military Bases,N/A,0.108,3,30,"3,678",0.0082,1%,6,4137,2610,584,0,75,487,381,63.09,14.12,0,1.81,11.77,9.21
35035000602,Otero,N/A,0.154,3,29,"2,223",0.013,1%,6,2872,1874,88,79,81,718,32,65.25,3.06,2.75,2.82,25,1.11
35035000603,Otero,N/A,0.168,3,51,"2,735",0.0186,2%,6,2030,1587,0,78,0,342,23,78.18,0,3.84,0,16.85,1.13
35035000700,Otero,N/A,0.113,3,167,"6,182",0.027,3%,6,5414,3130,33,2,76,2173,0,57.81,0.61,0.04,1.4,40.14,0
35035000901,Otero,N/A,0.148,3,76,"3,186",0.0239,2%,6,2902,2422,1,113,0,315,51,83.46,0.03,3.89,0,10.85,1.76
35035000902,Otero,N/A,0.471,6,2173,"10,442",0.2081,21%,1,10917,1460,141,71,10,9194,41,13.37,1.29,0.65,0.09,84.22,0.38
35035940000,Otero,Other,0.324,5,650,"3,867",0.1681,17%,2,3834,112,1,3424,0,297,0,2.92,0.03,89.31,0,7.75,0
35037958601,Quay/DeBaca/Harding,N/A,0.274,4,127,"2,903",0.0437,4%,5,2746,948,121,11,21,1632,13,34.52,4.41,0.4,0.76,59.43,0.47
35037958602,Quay/DeBaca/Harding,N/A,0.267,4,119,"2,716",0.0438,4%,5,3100,1210,13,59,14,1718,86,39.03,0.42,1.9,0.45,55.42,2.78
35037958900,Quay/DeBaca/Harding,N/A,0.108,3,77,"2,749",0.028,3%,6,2480,1973,0,44,15,421,27,79.56,0,1.77,0.6,16.98,1.09
35039000100,Rio Arriba,Espanola and Pueblos,0.266,4,69,"3,216",0.0215,2%,6,3090,150,0,35,1,2776,128,4.85,0,1.13,0.03,89.84,4.14
35039000200,Rio Arriba,Espanola and Pueblos,0.374,5,173,"3,627",0.0477,5%,5,3019,290,7,60,29,2619,14,9.61,0.23,1.99,0.96,86.75,0.46
35039000300,Rio Arriba,Espanola and Pueblos,0.222,4,176,"6,771",0.026,3%,6,5536,651,33,0,0,4849,3,11.76,0.6,0,0,87.59,0.05
35039000400,Rio Arriba,North,0.217,4,138,"4,615",0.0299,3%,6,4235,392,0,73,5,3765,0,9.26,0,1.72,0.12,88.9,0
35039000500,Rio Arriba,North,0.256,4,86,"3,518",0.0244,2%,6,3706,1006,3,67,21,2588,21,27.15,0.08,1.81,0.57,69.83,0.57
35039940700,Rio Arriba,Espanola and Pueblos,0.312,5,153,"3,343",0.0458,5%,5,3569,652,33,27,27,2801,29,18.27,0.92,0.76,0.76,78.48,0.81
35039940800,Rio Arriba,Espanola and Pueblos,0.198,3,156,"4,360",0.0358,4%,5,5176,994,5,1080,3,3010,84,19.2,0.1,20.87,0.06,58.15,1.62
35039941000,Rio Arriba,N/A,0.294,4,317,"3,505",0.0904,9%,4,4652,257,49,3119,86,1085,56,5.52,1.05,67.05,1.85,23.32,1.2
35039944100,Rio Arriba,Espanola and Pueblos,0.281,4,417,"6,162",0.0677,7%,4,6176,478,43,1143,17,4403,92,7.74,0.7,18.51,0.28,71.29,1.48
35041000100,Roosevelt,"Roosevelt County/Curry County, Other",0.301,5,504,"4,630",0.1089,11%,3,3870,2351,185,0,21,1114,199,60.75,4.78,0,0.54,28.79,5.14
35041000200,Roosevelt,"Roosevelt County/Curry County, Other",0.435,6,317,"3,647",0.0869,9%,4,3600,1091,0,22,0,2469,18,30.31,0,0.61,0,68.58,0.5
35041000300,Roosevelt/Curry,N/A,0.152,3,247,"4,217",0.0586,6%,4,4457,2133,236,16,31,1913,128,47.86,5.3,0.36,0.7,42.92,2.87
35041000401,Roosevelt/Curry,N/A,0.199,3,182,"3,246",0.0561,6%,4,3162,1666,25,49,16,1367,39,52.69,0.79,1.55,0.51,43.23,1.23
35041000402,Roosevelt/Curry,N/A,0.177,3,197,"3,615",0.0545,5%,5,3799,2549,10,13,27,1093,107,67.1,0.26,0.34,0.71,28.77,2.82
35043010503,Sandoval,Bernalillo/Placitas,0.145,3,191,"3,785",0.0505,5%,5,3790,764,26,260,7,2701,32,20.16,0.69,6.86,0.18,71.27,0.84
35043010601,Sandoval,Corrales,0.074,2,105,"4,625",0.0227,2%,6,4705,3028,126,72,61,1398,20,64.36,2.68,1.53,1.3,29.71,0.43
35043010602,Sandoval,Corrales,0.034,1,68,"4,274",0.0159,2%,6,3883,2896,0,64,56,800,67,74.58,0,1.65,1.44,20.6,1.73
35043010702,Sandoval,"Rio Rancho Blvd, No.",0.102,3,249,"7,027",0.0354,4%,5,7044,3743,135,448,68,2433,217,53.14,1.92,6.36,0.97,34.54,3.08
35043010703,Sandoval,"Rio Rancho Blvd, No.",0.064,2,374,"9,312",0.0402,4%,5,9875,4898,154,323,159,3971,370,49.6,1.56,3.27,1.61,40.21,3.75
35043010705,Sandoval,Rio Rancho So.,0.099,2,229,"6,449",0.0355,4%,5,5047,2892,120,75,22,1850,88,57.3,2.38,1.49,0.44,36.66,1.75
35043010712,Sandoval,Rio Rancho So.,0.138,3,217,"5,670",0.0383,4%,5,5054,2656,178,144,67,1849,160,52.55,3.52,2.85,1.33,36.58,3.17
35043010713,Sandoval,Rio Rancho West,0.177,3,226,"5,968",0.0379,4%,5,5823,2228,132,126,187,2844,306,38.26,2.27,2.16,3.21,48.84,5.26
35043010714,Sandoval,"Rio Rancho Blvd, So.",0.158,3,167,"5,133",0.0325,3%,6,4552,2650,48,111,47,1603,93,58.22,1.05,2.44,1.03,35.22,2.04
35043010715,Sandoval,"Rio Rancho Blvd, So.",0.128,3,144,"3,867",0.0372,4%,5,3577,1959,140,130,9,1256,83,54.77,3.91,3.63,0.25,35.11,2.32
35043010716,Sandoval,"Rio Rancho Blvd, So.",0.141,3,327,"6,268",0.0522,5%,5,6403,3232,167,253,120,2454,177,50.48,2.61,3.95,1.87,38.33,2.76
35043010717,Sandoval,"Rio Rancho Blvd, No.",0.099,2,476,"9,986",0.0477,5%,5,9701,4117,207,180,301,4701,195,42.44,2.13,1.86,3.1,48.46,2.01
35043010718,Sandoval,"Rio Rancho Blvd, No.",0.077,2,304,"5,442",0.0559,6%,4,7565,4014,213,83,57,3046,152,53.06,2.82,1.1,0.75,40.26,2.01
35043010719,Sandoval,Rio Rancho So.,0.137,3,125,"4,216",0.0296,3%,6,4146,1855,27,91,81,1969,123,44.74,0.65,2.19,1.95,47.49,2.96
35043010720,Sandoval,Rio Rancho So.,0.046,1,465,"8,616",0.054,5%,5,9556,4204,281,118,245,4414,294,43.99,2.94,1.23,2.56,46.19,3.08
35043010721,Sandoval,Rio Rancho West,0.14,3,174,"4,845",0.0359,4%,5,4525,1866,280,127,28,2002,222,41.24,6.19,2.81,0.62,44.24,4.91
35043010722,Sandoval,Rio Rancho West,0.121,3,338,"5,639",0.0599,6%,4,6140,2760,104,151,5,3019,101,44.95,1.69,2.46,0.08,49.17,1.64
35043010723,Sandoval,Rio Rancho West,0.15,3,486,"11,130",0.0437,4%,5,11800,5723,560,289,74,4930,224,48.5,4.75,2.45,0.63,41.78,1.9
35043010900,Sandoval,Other West,0.302,5,580,"2,575",0.2252,23%,1,2473,425,12,628,0,1373,35,17.19,0.49,25.39,0,55.52,1.42
35043011000,Sandoval,N/A,0.198,3,154,"2,167",0.0711,7%,4,1853,441,19,847,7,500,39,23.8,1.03,45.71,0.38,26.98,2.11
35043011100,Sandoval,Bernalillo/Placitas,0.128,3,132,"7,350",0.018,2%,6,6615,3931,0,1345,46,1199,94,59.43,0,20.33,0.7,18.13,1.42
35043011200,Sandoval,N/A,0.191,3,162,"2,977",0.0544,5%,5,2838,897,13,1320,33,533,42,31.61,0.46,46.51,1.16,18.78,1.48
35043940200,Sandoval,Other East,0.35,5,703,"4,009",0.1754,18%,2,3259,115,4,2722,0,393,25,3.53,0.12,83.52,0,12.06,0.77
35043940300,Los Alamos County,N/A,.,N/A,N/A,0,#DIV/0!,N/A,N/A,N/A,N/A,N/A,N/A,N/A,N/A,N/A,N/A,N/A,N/A,N/A,N/A,N/A
35043940500,Sandoval,Bernalillo/Placitas,0.239,4,264,"4,766",0.0554,6%,4,4233,525,13,186,0,3462,47,12.4,0.31,4.39,0,81.79,1.11
35043940600,Sandoval,N/A,0.262,4,133,"2,039",0.0652,7%,4,2059,5,0,2012,0,23,19,0.24,0,97.72,0,1.12,0.92
35043940700,Sandoval,N/A,0.242,4,761,"4,095",0.1858,19%,2,3394,204,0,2464,0,716,10,6.01,0,72.6,0,21.1,0.3
35043940900,Sandoval,Other West,0.68,6,93,"2,921",0.0318,3%,6,2794,28,0,2652,0,86,28,1,0,94.92,0,3.08,1
35045000100,San Juan,Farmington Southeast,0.311,5,250,"5,106",0.049,5%,5,4740,1420,31,1514,2,1701,72,29.96,0.65,31.94,0.04,35.89,1.52
35045000201,San Juan,Farmington North,0.082,2,194,"4,272",0.0454,5%,5,4190,2977,55,139,4,804,211,71.05,1.31,3.32,0.1,19.19,5.04
35045000202,San Juan,N/A,0.059,2,282,"4,892",0.0576,6%,4,4683,2995,43,517,99,904,125,63.95,0.92,11.04,2.11,19.3,2.67
35045000204,San Juan,Farmington North,0.123,3,98,"2,232",0.0439,4%,5,2011,875,4,599,2,504,27,43.51,0.2,29.79,0.1,25.06,1.34
35045000205,San Juan,Farmington Southeast,0.335,5,407,"6,723",0.0605,6%,4,6135,2464,136,1680,112,1443,300,40.16,2.22,27.38,1.83,23.52,4.89
35045000301,San Juan,Farmington North,0.145,3,274,"5,128",0.0534,5%,5,4897,2305,150,912,140,1273,117,47.07,3.06,18.62,2.86,26,2.39
35045000302,San Juan,Farmington Southeast,0.189,3,159,"3,350",0.0475,5%,5,3555,2074,6,728,34,556,157,58.34,0.17,20.48,0.96,15.64,4.42
35045000401,San Juan,Farmington West/Kirtland/La Plata,0.197,3,269,"5,260",0.0511,5%,5,4887,2515,107,1178,53,799,235,51.46,2.19,24.1,1.08,16.35,4.81
35045000402,San Juan,N/A,0.217,4,391,"3,611",0.1083,11%,3,3817,1118,32,1702,15,819,131,29.29,0.84,44.59,0.39,21.46,3.43
35045000503,San Juan,N/A,0.144,3,326,"3,197",0.102,10%,3,3355,384,24,1741,26,1041,139,11.45,0.72,51.89,0.77,31.03,4.14
35045000504,San Juan,N/A,0.173,3,288,"2,037",0.1414,14%,3,1889,690,53,958,0,158,30,36.53,2.81,50.71,0,8.36,1.59
35045000505,San Juan,N/A,0.161,3,1193,"7,529",0.1585,16%,2,6197,2647,17,2641,69,736,87,42.71,0.27,42.62,1.11,11.88,1.4
35045000607,San Juan,N/A,0.156,3,615,"3,636",0.1691,17%,2,4483,1051,36,2009,0,1347,40,23.44,0.8,44.81,0,30.05,0.89
35045000608,San Juan,North/Aztec,0.157,3,232,"6,107",0.038,4%,5,6432,3739,0,1454,36,1109,94,58.13,0,22.61,0.56,17.24,1.46
35045000609,San Juan,North/Aztec,0.163,3,37,"1,274",0.029,3%,6,1371,1001,0,23,10,310,27,73.01,0,1.68,0.73,22.61,1.97
35045000610,San Juan,North/Aztec,0.224,4,138,"4,412",0.0313,3%,6,4252,2215,13,845,9,1077,93,52.09,0.31,19.87,0.21,25.33,2.19
35045000611,San Juan,North/Aztec,0.042,1,59,"3,424",0.0172,2%,6,3476,2805,16,199,18,424,14,80.7,0.46,5.72,0.52,12.2,0.4
35045000612,San Juan,North/Aztec,0.111,3,161,"1,974",0.0816,8%,4,2262,1308,0,227,11,704,12,57.82,0,10.04,0.49,31.12,0.53
35045000613,San Juan,North/Aztec,0.109,3,154,"4,074",0.0378,4%,5,4177,3008,5,90,0,1025,49,72.01,0.12,2.15,0,24.54,1.17
35045000702,San Juan,South,0.113,3,27,"1,143",0.0236,2%,6,1175,749,0,72,0,346,8,63.74,0,6.13,0,29.45,0.68
35045000705,San Juan,Northeast/Bloomfield,0.265,4,157,"3,790",0.0414,4%,5,3772,1781,41,506,10,1392,42,47.22,1.09,13.41,0.27,36.9,1.11
35045000706,San Juan,Northeast/Bloomfield,0.343,5,64,"3,153",0.0203,2%,6,2859,1498,0,44,0,1293,24,52.4,0,1.54,0,45.23,0.84
35045000707,San Juan,Northeast/Bloomfield,0.123,3,190,"4,261",0.0446,4%,5,4135,1468,0,924,40,1668,35,35.5,0,22.35,0.97,40.34,0.85
35045000708,San Juan,Northeast/Bloomfield,0.25,4,173,"4,530",0.0382,4%,5,4416,1601,34,863,0,1705,213,36.25,0.77,19.54,0,38.61,4.82
35045000900,San Juan,South,0.089,2,73,"1,973",0.037,4%,5,2169,1029,0,85,4,1003,48,47.44,0,3.92,0.18,46.24,2.21
35045942801,San Juan,West,0.299,4,12,"2,717",0.0044,0%,7,2610,21,0,2551,3,33,2,0.8,0,97.74,0.11,1.26,0.08
35045942802,San Juan,N/A,0.26,4,1594,"6,142",0.2595,26%,1,6996,99,11,6509,20,257,100,1.42,0.16,93.04,0.29,3.67,1.43
35045942803,San Juan,West,0.404,6,15,"2,625",0.0057,1%,6,2568,56,9,2442,53,5,3,2.18,0.35,95.09,2.06,0.19,0.12
35045942900,San Juan,West,0.406,6,599,"4,971",0.1205,12%,3,4656,36,11,4423,27,104,55,0.77,0.24,95,0.58,2.23,1.18
35045943000,San Juan,N/A,0.285,4,272,"4,796",0.0567,6%,4,4508,51,8,4257,0,129,63,1.13,0.18,94.43,0,2.86,1.4
35045943100,San Juan,South,0.294,4,8,"1,816",0.0044,0%,7,1962,35,0,1823,6,46,52,1.78,0,92.92,0.31,2.34,2.65
35045943201,San Juan,South,0.36,5,268,"5,685",0.0471,5%,5,5696,947,7,4062,0,578,102,16.63,0.12,71.31,0,10.15,1.79
35045943300,San Juan,Farmington West/Kirtland/La Plata,0.226,4,65,"2,204",0.0295,3%,6,2184,1358,4,366,6,375,75,62.18,0.18,16.76,0.27,17.17,3.43
35047957200,San Miguel,Las Vegas,0.315,5,104,"3,651",0.0285,3%,6,3839,396,10,7,0,3410,16,10.32,0.26,0.18,0,88.83,0.42
35047957300,San Miguel,Las Vegas,0.409,6,74,"3,093",0.0239,2%,6,2471,623,115,57,63,1550,63,25.21,4.65,2.31,2.55,62.73,2.55
35047957400,San Miguel,Las Vegas,0.334,5,97,"4,351",0.0223,2%,6,4638,531,27,41,25,4010,4,11.45,0.58,0.88,0.54,86.46,0.09
35047957500,Mora/Guadalupe/San Miguel East,N/A,0.172,3,93,"4,145",0.0224,2%,6,4354,1102,35,36,36,3119,26,25.31,0.8,0.83,0.83,71.64,0.6
35047957600,San Miguel,Pecos/Villanueva,0.185,3,151,"6,219",0.0243,2%,6,5946,1402,67,22,0,4157,298,23.58,1.13,0.37,0,69.91,5.01
35047957700,San Miguel,N/A,0.325,5,66,"2,290",0.0288,3%,6,2135,231,0,9,0,1895,0,10.82,0,0.42,0,88.76,0
35047957800,San Miguel,Las Vegas,0.345,5,145,"4,281",0.0339,3%,6,4355,660,5,114,144,3422,10,15.15,0.11,2.62,3.31,78.58,0.23
35049000101,Santa Fe,Opera Vicinity,0.055,2,49,"3,956",0.0124,1%,6,4024,3067,15,0,44,841,57,76.22,0.37,0,1.09,20.9,1.42
35049000200,Santa Fe,Opera Vicinity,0.099,2,71,"3,613",0.0197,2%,6,3649,2596,15,96,36,891,15,71.14,0.41,2.63,0.99,24.42,0.41
35049000300,Santa Fe,Agua Fria Neighborhood + Downtown,0.159,3,49,"1,482",0.0331,3%,6,1497,862,0,0,14,621,0,57.58,0,0,0.94,41.48,0
35049000400,Santa Fe,Agua Fria Neighborhood & Downtown,0.084,2,40,282,0.1418,14%,3,279,215,0,7,0,54,3,77.06,0,2.51,0,19.35,1.08
35049000500,Santa Fe,Agua Fria Neighborhood + Downtown,0.091,2,32,"2,331",0.0137,1%,6,1734,1449,0,0,74,202,9,83.56,0,0,4.27,11.65,0.52
35049000600,Santa Fe,Agua Fria Neighborhood + Downtown,0.074,2,47,"2,110",0.0223,2%,6,1986,1388,0,22,41,535,0,69.89,0,1.11,2.06,26.94,0
35049000700,Santa Fe,Agua Fria Neighborhood + Downtown,0.154,3,55,"2,163",0.0254,3%,6,1852,904,39,32,0,793,84,48.81,2.11,1.73,0,42.82,4.53
35049000800,Santa Fe,Agua Fria Neighborhood + Downtown,0.255,4,48,"3,085",0.0156,2%,6,3073,1227,27,50,22,1578,169,39.93,0.88,1.63,0.72,51.35,5.5
35049000900,Santa Fe,Agua Fria Neighborhood + Downtown,0.13,3,127,"3,673",0.0346,3%,6,3187,1340,0,31,0,1761,55,42.05,0,0.97,0,55.26,1.73
35049001001,Santa Fe,Agua Fria Neighborhood + Downtown,0.137,3,78,"1,924",0.0405,4%,5,1910,1200,22,29,8,629,22,62.83,1.15,1.52,0.42,32.93,1.15
35049001002,Santa Fe,Agua Fria Neighborhood + Downtown,0.231,4,163,"3,637",0.0448,4%,5,3681,1200,159,26,7,2225,64,32.6,4.32,0.71,0.19,60.45,1.74
35049001102,Santa Fe,Agua Fria Village,0.123,3,130,"3,289",0.0395,4%,5,3527,1868,18,109,121,1276,135,52.96,0.51,3.09,3.43,36.18,3.83
35049001103,Santa Fe,Bellamah/Stamm,0.193,3,76,"1,967",0.0386,4%,5,1616,734,34,0,17,820,11,45.42,2.1,0,1.05,50.74,0.68
35049001105,Santa Fe,Bellamah/Stamm,0.109,3,72,"2,528",0.0285,3%,6,2486,1104,141,0,9,1186,46,44.41,5.67,0,0.36,47.71,1.85
35049001106,Santa Fe,Bellamah/Stamm,0.237,4,209,"2,689",0.0777,8%,4,3382,956,0,45,16,2289,76,28.27,0,1.33,0.47,67.68,2.25
35049001107,Santa Fe,Bellamah/Stamm,0.072,2,256,"5,303",0.0483,5%,5,4970,1874,0,38,19,2991,48,37.71,0,0.76,0.38,60.18,0.97
35049001202,Santa Fe,Agua Fria Village,0.094,2,500,"5,401",0.0926,9%,4,6055,971,47,0,138,4886,13,16.04,0.78,0,2.28,80.69,0.21
35049001203,Santa Fe,Agua Fria Village,0.193,3,293,"3,031",0.0967,10%,3,3047,584,10,96,11,2302,44,19.17,0.33,3.15,0.36,75.55,1.44
35049001204,Santa Fe,Agua Fria Village,0.183,3,680,"6,110",0.1113,11%,3,6757,688,0,19,24,6011,15,10.18,0,0.28,0.36,88.96,0.22
35049001205,Santa Fe,Airport Road,0.169,3,634,"5,652",0.1122,11%,3,5719,614,21,47,0,5026,11,10.74,0.37,0.82,0,87.88,0.19
35049001301,Santa Fe,Airport Road,0.06,2,69,"1,746",0.0395,4%,5,1856,659,9,121,10,1012,45,35.51,0.48,6.52,0.54,54.53,2.42
35049001302,Santa Fe,Airport Road,0.165,3,241,"3,038",0.0793,8%,4,2405,450,139,24,39,1746,7,18.71,5.78,1,1.62,72.6,0.29
35049001303,Santa Fe,Airport Road,0.13,3,504,"7,510",0.0671,7%,4,7216,1973,134,101,125,4667,216,27.34,1.86,1.4,1.73,64.68,3
35049001304,Santa Fe,Airport Road,0.247,4,59,961,0.0614,6%,4,843,127,7,90,0,619,0,15.07,0.83,10.68,0,73.43,0
35049010102,Santa Fe,Pueblos Plus,0.211,4,134,"5,014",0.0267,3%,6,4102,760,0,150,0,3192,0,18.53,0,3.66,0,77.82,0
35049010203,Santa Fe,Pueblos Plus,0.175,3,9,"1,317",0.0068,1%,6,913,627,19,0,0,256,11,68.67,2.08,0,0,28.04,1.2
35049010204,Santa Fe,Pueblos Plus,0.039,1,49,"2,205",0.0222,2%,6,2202,1852,0,83,8,227,32,84.11,0,3.77,0.36,10.31,1.45
35049010304,Santa Fe,Opera Vicinity,0.03,1,166,"3,864",0.043,4%,5,4005,1980,33,106,116,1737,33,49.44,0.82,2.65,2.9,43.37,0.82
35049010308,Santa Fe,South,0.257,4,141,"2,447",0.0576,6%,4,2471,577,10,19,0,1854,11,23.35,0.4,0.77,0,75.03,0.45
35049010309,Santa Fe,South,0.099,2,14,"1,824",0.0077,1%,6,1912,1455,0,0,9,423,25,76.1,0,0,0.47,22.12,1.31
35049010310,Santa Fe,South,0.096,2,31,"1,345",0.023,2%,6,1293,788,0,36,4,438,27,60.94,0,2.78,0.31,33.87,2.09
35049010311,Santa Fe,South,0.04,1,110,"4,380",0.0251,3%,6,4500,3448,11,16,0,867,158,76.62,0.24,0.36,0,19.27,3.51
35049010312,Santa Fe,South,0.15,3,85,"4,714",0.018,2%,6,4711,2977,0,20,23,1642,49,63.19,0,0.42,0.49,34.85,1.04
35049010314,Santa Fe,Bellamah/Stamm,0.101,3,109,"1,690",0.0645,6%,4,2153,854,21,0,0,1270,8,39.67,0.98,0,0,58.99,0.37
35049010315,Santa Fe,Bellamah/Stamm,0.08,2,56,"2,668",0.021,2%,6,2411,1414,11,0,44,874,68,58.65,0.46,0,1.82,36.25,2.82
35049010316,Santa Fe,Bellamah/Stamm,0.071,2,67,"1,617",0.0414,4%,5,1462,903,7,10,15,513,14,61.76,0.48,0.68,1.03,35.09,0.96
35049010400,Santa Fe,East Foothills + Eldorado,0.044,1,52,"3,126",0.0166,2%,6,3291,2538,44,26,132,530,21,77.12,1.34,0.79,4.01,16.1,0.63
35049010500,Santa Fe,East Foothills + Eldorado,0.064,2,24,"1,821",0.0132,1%,6,1828,1287,0,9,23,497,12,70.4,0,0.49,1.26,27.19,0.66
35049010601,Santa Fe,East Foothills + Eldorado,0.074,2,255,"4,839",0.0527,5%,5,5882,2333,37,48,460,2912,92,39.66,0.63,0.82,7.82,49.51,1.56
35049010602,Santa Fe,East Foothills + Eldorado,0.065,2,30,"3,189",0.0094,1%,6,3114,2545,0,48,19,450,52,81.73,0,1.54,0.61,14.45,1.67
35049010603,Santa Fe,East Foothills + Eldorado,0.124,3,104,"2,447",0.0425,4%,5,2320,1033,0,53,0,1216,18,44.53,0,2.28,0,52.41,0.78
35049010700,Santa Fe,East Foothills + Eldorado,0.065,2,74,"5,434",0.0136,1%,6,5189,3868,127,0,62,1017,115,74.54,2.45,0,1.19,19.6,2.22
35049010800,Santa Fe,East Foothills + Eldorado,0.086,2,59,"2,885",0.0205,2%,6,3040,1164,7,0,0,1863,6,38.29,0.23,0,0,61.28,0.2
35049010900,Santa Fe,Opera Vicinity,0.089,2,144,"2,886",0.0499,5%,5,3204,1368,36,0,23,1735,42,42.7,1.12,0,0.72,54.15,1.31
35049940300,Santa Fe,Pueblos Plus,0.142,3,45,"1,843",0.0244,2%,6,1980,266,11,716,6,975,6,13.43,0.56,36.16,0.3,49.24,0.3
35049940400,Santa Fe,Pueblos Plus,0.173,3,86,"1,475",0.0583,6%,4,1700,448,0,501,40,702,9,26.35,0,29.47,2.35,41.29,0.53
35049940500,Santa Fe,Pueblos Plus,0.192,3,40,"1,671",0.0239,2%,6,1656,256,4,430,0,931,35,15.46,0.24,25.97,0,56.22,2.11
35049940600,Santa Fe,Pueblos Plus,0.134,3,186,"3,435",0.0541,5%,5,3286,663,10,449,8,2108,48,20.18,0.3,13.66,0.24,64.15,1.46
35049940900,Santa Fe,Pueblos Plus,0.328,5,259,"3,237",0.08,8%,4,3016,245,57,35,46,2605,28,8.12,1.89,1.16,1.53,86.37,0.93
35049980000,Santa Fe County,State Pen,.,N/A,212,959,0.2211,22%,1,901,166,43,35,0,651,6,18.42,4.77,3.88,0,72.25,0.67
35051962200,Sierra,N/A,0.346,5,120,"3,180",0.0377,4%,5,3102,1878,10,211,56,933,14,60.54,0.32,6.8,1.81,30.08,0.45
35051962300,Sierra/Catron,N/A,0.279,4,236,"3,167",0.0745,7%,4,3201,2116,34,15,27,942,67,66.1,1.06,0.47,0.84,29.43,2.09
35051962401,Sierra/Catron,N/A,0.092,2,44,"2,290",0.0192,2%,6,2046,1689,0,0,0,357,0,82.55,0,0,0,17.45,0
35051962402,Sierra/Catron,N/A,0.231,4,98,"2,482",0.0395,4%,5,2682,1453,0,0,0,1116,113,54.18,0,0,0,41.61,4.21
35053940000,Socorro,N/A,0.672,6,124,"1,444",0.0859,9%,4,1268,13,0,1252,0,3,0,1.03,0,98.74,0,0.24,0
35053978100,Socorro,N/A,0.218,4,176,"4,194",0.042,4%,5,4828,1582,0,13,17,3216,0,32.77,0,0.27,0.35,66.61,0
35053978200,Socorro,N/A,0.181,3,236,"1,660",0.1422,14%,3,1343,807,0,18,0,497,21,60.09,0,1.34,0,37.01,1.56
35053978301,Socorro,N/A,0.276,4,93,"2,798",0.0332,3%,6,3123,745,0,201,270,1735,172,23.86,0,6.44,8.65,55.56,5.51
35053978302,Socorro,N/A,0.32,5,89,"3,459",0.0257,3%,6,3063,1497,95,141,261,962,107,48.87,3.1,4.6,8.52,31.41,3.49
35053978303,Socorro,N/A,0.305,5,222,"3,553",0.0625,6%,4,3233,1120,0,138,0,1975,0,34.64,0,4.27,0,61.09,0
35055940000,Taos,Downtown and High Road,0.254,4,62,"1,913",0.0324,3%,6,2134,112,0,253,1,1735,33,5.25,0,11.86,0.05,81.3,1.55
35055940100,Taos,Downtown and High Road,0.174,3,380,"7,707",0.0493,5%,5,9287,3469,27,1274,31,4324,162,37.35,0.29,13.72,0.33,46.56,1.75
35055952100,Taos,Northwest,0.124,3,138,"6,350",0.0217,2%,6,5586,2320,0,39,0,3216,11,41.53,0,0.7,0,57.57,0.2
35055952300,Taos,Northwest,0.383,5,25,"2,922",0.0086,1%,6,2532,1181,0,4,0,1347,0,46.64,0,0.16,0,53.2,0
35055952600,Taos,Downtown and High Road,0.166,3,128,"7,871",0.0163,2%,6,7747,2800,1,285,18,4511,132,36.14,0.01,3.68,0.23,58.23,1.7
35055952700,Taos,Downtown and High Road,0.218,4,356,"6,144",0.0579,6%,4,5500,1681,26,66,208,3519,0,30.56,0.47,1.2,3.78,63.98,0
35057963201,Torrance,N/A,0.23,4,93,"3,970",0.0234,2%,6,3938,2276,38,0,0,1608,16,57.8,0.96,0,0,40.83,0.41
35057963202,Torrance,N/A,0.229,4,133,"3,047",0.0436,4%,5,3204,1456,59,20,14,1597,58,45.44,1.84,0.62,0.44,49.84,1.81
35057963600,Torrance,N/A,0.289,4,247,"6,587",0.0375,4%,5,6454,3680,24,27,0,2648,75,57.02,0.37,0.42,0,41.03,1.16
35057963700,Torrance,N/A,0.265,4,82,"2,207",0.0372,4%,5,1923,1076,0,0,9,834,4,55.95,0,0,0.47,43.37,0.21
35059950200,Colfax/Union,N/A,0.141,3,345,"4,163",0.0829,8%,4,4133,2120,59,63,1,1750,140,51.29,1.43,1.52,0.02,42.34,3.38
35061940300,Valencia,NE,0.257,4,63,834,0.0755,8%,4,1021,23,0,893,0,105,0,2.25,0,87.46,0,10.28,0
35061970101,Valencia,NE,0.375,5,308,"4,755",0.0648,6%,4,3832,758,0,23,0,2962,89,19.78,0,0.6,0,77.3,2.32
35061970102,Valencia,NE,0.172,3,310,"6,537",0.0474,5%,5,6467,2540,0,0,114,3756,57,39.28,0,0,1.76,58.08,0.88
35061970200,Valencia,NE,0.102,3,153,"3,789",0.0404,4%,5,3876,1876,8,286,77,1602,27,48.4,0.21,7.38,1.99,41.33,0.7
35061970301,Valencia,SE,0.364,5,566,"7,474",0.0757,8%,4,6872,1229,0,151,0,5430,62,17.88,0,2.2,0,79.02,0.91
35061970302,Valencia,SE,0.174,3,158,"2,787",0.0567,6%,4,2875,913,155,8,6,1728,65,31.76,5.39,0.28,0.21,60.1,2.26
35061970303,Valencia,SE,0.133,3,305,"6,452",0.0473,5%,5,6932,2199,0,59,0,4607,67,31.72,0,0.85,0,66.46,0.97
35061970401,Valencia,Los Lunas,0.098,2,356,"5,088",0.07,7%,4,4805,1301,126,95,0,3145,138,27.08,2.62,1.98,0,65.45,2.87
35061970404,Valencia,Los Lunas,0.168,3,321,"4,842",0.0663,7%,4,4902,1652,90,76,6,2957,121,33.7,1.84,1.55,0.12,60.32,2.47
35061970405,Valencia,Los Lunas,0.11,3,218,"3,030",0.0719,7%,4,3906,2013,128,0,45,1679,41,51.54,3.28,0,1.15,42.99,1.05
35061970700,Valencia,West and Belen,0.15,3,631,"6,768",0.0932,9%,4,7167,2489,57,161,0,4218,242,34.73,0.8,2.25,0,58.85,3.37
35061970800,Valencia,West and Belen,0.228,4,267,"4,991",0.0535,5%,5,5730,1482,15,519,61,3653,0,25.86,0.26,9.06,1.06,63.75,0
35061970901,Valencia,West and Belen,0.203,4,372,"4,602",0.0808,8%,4,4956,1270,0,328,0,3245,113,25.63,0,6.62,0,65.48,2.28
35061970902,Valencia,West and Belen,0.17,3,85,"2,633",0.0323,3%,6,1916,579,40,0,0,1283,14,30.22,2.09,0,0,66.96,0.73
35061971000,Valencia,SE,0.189,3,271,"4,597",0.059,6%,4,4568,2194,102,117,26,2129,0,48.03,2.23,2.56,0.57,46.61,0
35061971100,Valencia,SE,0.297,4,71,"1,575",0.0451,5%,5,1320,464,0,0,30,826,0,35.15,0,0,2.27,62.58,0
35061971300,Valencia,West and Belen,0.228,4,115,"2,026",0.0568,6%,4,1662,757,22,63,0,809,11,45.55,1.32,3.79,0,48.68,0.66
35061971400,Valencia,Los Lunas,0.118,3,166,"3,286",0.0505,5%,5,3220,1045,60,98,25,1922,70,32.45,1.86,3.04,0.78,59.69,2.17
,,,,,,,,,,,,,,,,,,,,,,
,,,,,,,,,,,,,,,,,,,,,,
,,,,,,,,,,,,,,,,,,,,,,
,,,,,,,,,,,,,,,,,,,,,,
,,,,,,,,,,,,,,,,,,,,,,
,,,,,,,,,,,,,,,,,,,,,,
,,,,,,,,,,,,,,,,,,,,,,
,,,,,,,,,,,,,,,,,,,,,,
,,,,,,,,,,,,,,,,,,,,,,
,,,,,,,,,,,,,,,,,,,,,,
,,,,,,,,,,,,,,,,,,,,,,
,,,,,,,,,,,,,,,,,,,,,,
,,,,,,,,,,,,,,,,,,,,,,
,,,,,,,,,,,,,,,,,,,,,,
,,,,,,,,,,,,,,,,,,,,,,
,,,,,,,,,,,,,,,,,,,,,,
,,,,,,,,,,,,,,,,,,,,,,
,,,,,,,,,,,,,,,,,,,,,,
,,,,,,,,,,,,,,,,,,,,,,
,,,,,,,,,,,,,,,,,,,,,,
,,,,,,,,,,,,,,,,,,,,,,
,,,,,,,,,,,,,,,,,,,,,,
,,,,,,,,,,,,,,,,,,,,,,
,,,,,,,,,,,,,,,,,,,,,,
,,,,,,,,,,,,,,,,,,,,,,
,,,,,,,,,,,,,,,,,,,,,,
,,,,,,,,,,,,,,,,,,,,,,
,,,,,,,,,,,,,,,,,,,,,,
,,,,,,,,,,,,,,,,,,,,,,
,,,,,,,,,,,,,,,,,,,,,,
,,,,,,,,,,,,,,,,,,,,,,
,,,,,,,,,,,,,,,,,,,,,,
,,,,,,,,,,,,,,,,,,,,,,
,,,,,,,,,,,,,,,,,,,,,,
,,,,,,,,,,,,,,,,,,,,,,
,,,,,,,,,,,,,,,,,,,,,,
,,,,,,,,,,,,,,,,,,,,,,
,,,,,,,,,,,,,,,,,,,,,,
,,,,,,,,,,,,,,,,,,,,,,
,,,,,,,,,,,,,,,,,,,,,,
,,,,,,,,,,,,,,,,,,,,,,
,,,,,,,,,,,,,,,,,,,,,,
,,,,,,,,,,,,,,,,,,,,,,
,,,,,,,,,,,,,,,,,,,,,,
,,,,,,,,,,,,,,,,,,,,,,
,,,,,,,,,,,,,,,,,,,,,,
,,,,,,,,,,,,,,,,,,,,,,
,,,,,,,,,,,,,,,,,,,,,,
,,,,,,,,,,,,,,,,,,,,,,
,,,,,,,,,,,,,,,,,,,,,,
,,,,,,,,,,,,,,,,,,,,,,
,,,,,,,,,,,,,,,,,,,,,,
,,,,,,,,,,,,,,,,,,,,,,
,,,,,,,,,,,,,,,,,,,,,,
,,,,,,,,,,,,,,,,,,,,,,
,,,,,,,,,,,,,,,,,,,,,,
,,,,,,,,,,,,,,,,,,,,,,
,,,,,,,,,,,,,,,,,,,,,,
,,,,,,,,,,,,,,,,,,,,,,
,,,,,,,,,,,,,,,,,,,,,,
,,,,,,,,,,,,,,,,,,,,,,
,,,,,,,,,,,,,,,,,,,,,,
,,,,,,,,,,,,,,,,,,,,,,
,,,,,,,,,,,,,,,,,,,,,,
,,,,,,,,,,,,,,,,,,,,,,
,,,,,,,,,,,,,,,,,,,,,,
,,,,,,,,,,,,,,,,,,,,,,
,,,,,,,,,,,,,,,,,,,,,,
,,,,,,,,,,,,,,,,,,,,,,
,,,,,,,,,,,,,,,,,,,,,,
,,,,,,,,,,,,,,,,,,,,,,
,,,,,,,,,,,,,,,,,,,,,,
,,,,,,,,,,,,,,,,,,,,,,
,,,,,,,,,,,,,,,,,,,,,,
,,,,,,,,,,,,,,,,,,,,,,
,,,,,,,,,,,,,,,,,,,,,,
,,,,,,,,,,,,,,,,,,,,,,
,,,,,,,,,,,,,,,,,,,,,,
,,,,,,,,,,,,,,,,,,,,,,
,,,,,,,,,,,,,,,,,,,,,,
,,,,,,,,,,,,,,,,,,,,,,
,,,,,,,,,,,,,,,,,,,,,,
,,,,,,,,,,,,,,,,,,,,,,
,,,,,,,,,,,,,,,,,,,,,,
,,,,,,,,,,,,,,,,,,,,,,
,,,,,,,,,,,,,,,,,,,,,,
,,,,,,,,,,,,,,,,,,,,,,
,,,,,,,,,,,,,,,,,,,,,,
,,,,,,,,,,,,,,,,,,,,,,
,,,,,,,,,,,,,,,,,,,,,,
,,,,,,,,,,,,,,,,,,,,,,
,,,,,,,,,,,,,,,,,,,,,,
,,,,,,,,,,,,,,,,,,,,,,
,,,,,,,,,,,,,,,,,,,,,,
,,,,,,,,,,,,,,,,,,,,,,
,,,,,,,,,,,,,,,,,,,,,,
,,,,,,,,,,,,,,,,,,,,,,
,,,,,,,,,,,,,,,,,,,,,,
,,,,,,,,,,,,,,,,,,,,,,
,,,,,,,,,,,,,,,,,,,,,,
,,,,,,,,,,,,,,,,,,,,,,
,,,,,,,,,,,,,,,,,,,,,,
,,,,,,,,,,,,,,,,,,,,,,
,,,,,,,,,,,,,,,,,,,,,,
,,,,,,,,,,,,,,,,,,,,,,
,,,,,,,,,,,,,,,,,,,,,,
,,,,,,,,,,,,,,,,,,,,,,
,,,,,,,,,,,,,,,,,,,,,,
,,,,,,,,,,,,,,,,,,,,,,
,,,,,,,,,,,,,,,,,,,,,,
,,,,,,,,,,,,,,,,,,,,,,
,,,,,,,,,,,,,,,,,,,,,,
,,,,,,,,,,,,,,,,,,,,,,
,,,,,,,,,,,,,,,,,,,,,,
,,,,,,,,,,,,,,,,,,,,,,
,,,,,,,,,,,,,,,,,,,,,,
,,,,,,,,,,,,,,,,,,,,,,
,,,,,,,,,,,,,,,,,,,,,,
,,,,,,,,,,,,,,,,,,,,,,
,,,,,,,,,,,,,,,,,,,,,,
,,,,,,,,,,,,,,,,,,,,,,
,,,,,,,,,,,,,,,,,,,,,,
,,,,,,,,,,,,,,,,,,,,,,
,,,,,,,,,,,,,,,,,,,,,,
,,,,,,,,,,,,,,,,,,,,,,
,,,,,,,,,,,,,,,,,,,,,,
,,,,,,,,,,,,,,,,,,,,,,
,,,,,,,,,,,,,,,,,,,,,,
,,,,,,,,,,,,,,,,,,,,,,
,,,,,,,,,,,,,,,,,,,,,,
,,,,,,,,,,,,,,,,,,,,,,
,,,,,,,,,,,,,,,,,,,,,,
,,,,,,,,,,,,,,,,,,,,,,
,,,,,,,,,,,,,,,,,,,,,,
,,,,,,,,,,,,,,,,,,,,,,
,,,,,,,,,,,,,,,,,,,,,,
,,,,,,,,,,,,,,,,,,,,,,
,,,,,,,,,,,,,,,,,,,,,,
,,,,,,,,,,,,,,,,,,,,,,
,,,,,,,,,,,,,,,,,,,,,,
,,,,,,,,,,,,,,,,,,,,,,
,,,,,,,,,,,,,,,,,,,,,,
,,,,,,,,,,,,,,,,,,,,,,
,,,,,,,,,,,,,,,,,,,,,,
,,,,,,,,,,,,,,,,,,,,,,
,,,,,,,,,,,,,,,,,,,,,,
,,,,,,,,,,,,,,,,,,,,,,
,,,,,,,,,,,,,,,,,,,,,,
,,,,,,,,,,,,,,,,,,,,,,
,,,,,,,,,,,,,,,,,,,,,,
,,,,,,,,,,,,,,,,,,,,,,
,,,,,,,,,,,,,,,,,,,,,,
,,,,,,,,,,,,,,,,,,,,,,
,,,,,,,,,,,,,,,,,,,,,,
,,,,,,,,,,,,,,,,,,,,,,
,,,,,,,,,,,,,,,,,,,,,,
,,,,,,,,,,,,,,,,,,,,,,
,,,,,,,,,,,,,,,,,,,,,,
,,,,,,,,,,,,,,,,,,,,,,
,,,,,,,,,,,,,,,,,,,,,,
,,,,,,,,,,,,,,,,,,,,,,
,,,,,,,,,,,,,,,,,,,,,,
,,,,,,,,,,,,,,,,,,,,,,
,,,,,,,,,,,,,,,,,,,,,,
,,,,,,,,,,,,,,,,,,,,,,
,,,,,,,,,,,,,,,,,,,,,,
,,,,,,,,,,,,,,,,,,,,,,
,,,,,,,,,,,,,,,,,,,,,,
,,,,,,,,,,,,,,,,,,,,,,
,,,,,,,,,,,,,,,,,,,,,,
,,,,,,,,,,,,,,,,,,,,,,
,,,,,,,,,,,,,,,,,,,,,,
,,,,,,,,,,,,,,,,,,,,,,
,,,,,,,,,,,,,,,,,,,,,,
,,,,,,,,,,,,,,,,,,,,,,
,,,,,,,,,,,,,,,,,,,,,,
,,,,,,,,,,,,,,,,,,,,,,
,,,,,,,,,,,,,,,,,,,,,,
,,,,,,,,,,,,,,,,,,,,,,
,,,,,,,,,,,,,,,,,,,,,,
,,,,,,,,,,,,,,,,,,,,,,
,,,,,,,,,,,,,,,,,,,,,,
,,,,,,,,,,,,,,,,,,,,,,
,,,,,,,,,,,,,,,,,,,,,,
,,,,,,,,,,,,,,,,,,,,,,
,,,,,,,,,,,,,,,,,,,,,,
,,,,,,,,,,,,,,,,,,,,,,
,,,,,,,,,,,,,,,,,,,,,,
,,,,,,,,,,,,,,,,,,,,,,
,,,,,,,,,,,,,,,,,,,,,,
,,,,,,,,,,,,,,,,,,,,,,
,,,,,,,,,,,,,,,,,,,,,,
,,,,,,,,,,,,,,,,,,,,,,
,,,,,,,,,,,,,,,,,,,,,,
,,,,,,,,,,,,,,,,,,,,,,
,,,,,,,,,,,,,,,,,,,,,,
,,,,,,,,,,,,,,,,,,,,,,
,,,,,,,,,,,,,,,,,,,,,,
,,,,,,,,,,,,,,,,,,,,,,
,,,,,,,,,,,,,,,,,,,,,,
,,,,,,,,,,,,,,,,,,,,,,
,,,,,,,,,,,,,,,,,,,,,,
,,,,,,,,,,,,,,,,,,,,,,
,,,,,,,,,,,,,,,,,,,,,,
,,,,,,,,,,,,,,,,,,,,,,
,,,,,,,,,,,,,,,,,,,,,,
,,,,,,,,,,,,,,,,,,,,,,
,,,,,,,,,,,,,,,,,,,,,,
,,,,,,,,,,,,,,,,,,,,,,
,,,,,,,,,,,,,,,,,,,,,,
,,,,,,,,,,,,,,,,,,,,,,
,,,,,,,,,,,,,,,,,,,,,,
,,,,,,,,,,,,,,,,,,,,,,
,,,,,,,,,,,,,,,,,,,,,,
,,,,,,,,,,,,,,,,,,,,,,
,,,,,,,,,,,,,,,,,,,,,,
,,,,,,,,,,,,,,,,,,,,,,
,,,,,,,,,,,,,,,,,,,,,,
,,,,,,,,,,,,,,,,,,,,,,
,,,,,,,,,,,,,,,,,,,,,,
,,,,,,,,,,,,,,,,,,,,,,
,,,,,,,,,,,,,,,,,,,,,,
,,,,,,,,,,,,,,,,,,,,,,
,,,,,,,,,,,,,,,,,,,,,,
,,,,,,,,,,,,,,,,,,,,,,
,,,,,,,,,,,,,,,,,,,,,,
,,,,,,,,,,,,,,,,,,,,,,
,,,,,,,,,,,,,,,,,,,,,,
,,,,,,,,,,,,,,,,,,,,,,
,,,,,,,,,,,,,,,,,,,,,,
,,,,,,,,,,,,,,,,,,,,,,
,,,,,,,,,,,,,,,,,,,,,,
,,,,,,,,,,,,,,,,,,,,,,
,,,,,,,,,,,,,,,,,,,,,,
,,,,,,,,,,,,,,,,,,,,,,
,,,,,,,,,,,,,,,,,,,,,,
,,,,,,,,,,,,,,,,,,,,,,
,,,,,,,,,,,,,,,,,,,,,,
,,,,,,,,,,,,,,,,,,,,,,
,,,,,,,,,,,,,,,,,,,,,,
,,,,,,,,,,,,,,,,,,,,,,
,,,,,,,,,,,,,,,,,,,,,,
,,,,,,,,,,,,,,,,,,,,,,
,,,,,,,,,,,,,,,,,,,,,,
,,,,,,,,,,,,,,,,,,,,,,
,,,,,,,,,,,,,,,,,,,,,,
,,,,,,,,,,,,,,,,,,,,,,
,,,,,,,,,,,,,,,,,,,,,,
,,,,,,,,,,,,,,,,,,,,,,
,,,,,,,,,,,,,,,,,,,,,,
,,,,,,,,,,,,,,,,,,,,,,
,,,,,,,,,,,,,,,,,,,,,,
,,,,,,,,,,,,,,,,,,,,,,
,,,,,,,,,,,,,,,,,,,,,,
,,,,,,,,,,,,,,,,,,,,,,
,,,,,,,,,,,,,,,,,,,,,,
,,,,,,,,,,,,,,,,,,,,,,
,,,,,,,,,,,,,,,,,,,,,,
,,,,,,,,,,,,,,,,,,,,,,
,,,,,,,,,,,,,,,,,,,,,,
,,,,,,,,,,,,,,,,,,,,,,
,,,,,,,,,,,,,,,,,,,,,,
,,,,,,,,,,,,,,,,,,,,,,
,,,,,,,,,,,,,,,,,,,,,,
,,,,,,,,,,,,,,,,,,,,,,
,,,,,,,,,,,,,,,,,,,,,,
,,,,,,,,,,,,,,,,,,,,,,
,,,,,,,,,,,,,,,,,,,,,,
,,,,,,,,,,,,,,,,,,,,,,
,,,,,,,,,,,,,,,,,,,,,,
,,,,,,,,,,,,,,,,,,,,,,
,,,,,,,,,,,,,,,,,,,,,,
,,,,,,,,,,,,,,,,,,,,,,
,,,,,,,,,,,,,,,,,,,,,,
,,,,,,,,,,,,,,,,,,,,,,
,,,,,,,,,,,,,,,,,,,,,,
,,,,,,,,,,,,,,,,,,,,,,
,,,,,,,,,,,,,,,,,,,,,,
,,,,,,,,,,,,,,,,,,,,,,
,,,,,,,,,,,,,,,,,,,,,,
,,,,,,,,,,,,,,,,,,,,,,
,,,,,,,,,,,,,,,,,,,,,,
,,,,,,,,,,,,,,,,,,,,,,
,,,,,,,,,,,,,,,,,,,,,,
,,,,,,,,,,,,,,,,,,,,,,
,,,,,,,,,,,,,,,,,,,,,,
,,,,,,,,,,,,,,,,,,,,,,
,,,,,,,,,,,,,,,,,,,,,,
,,,,,,,,,,,,,,,,,,,,,,
,,,,,,,,,,,,,,,,,,,,,,
,,,,,,,,,,,,,,,,,,,,,,
,,,,,,,,,,,,,,,,,,,,,,
,,,,,,,,,,,,,,,,,,,,,,
,,,,,,,,,,,,,,,,,,,,,,
,,,,,,,,,,,,,,,,,,,,,,
,,,,,,,,,,,,,,,,,,,,,,
,,,,,,,,,,,,,,,,,,,,,,
,,,,,,,,,,,,,,,,,,,,,,
,,,,,,,,,,,,,,,,,,,,,,
,,,,,,,,,,,,,,,,,,,,,,
,,,,,,,,,,,,,,,,,,,,,,
,,,,,,,,,,,,,,,,,,,,,,
,,,,,,,,,,,,,,,,,,,,,,
,,,,,,,,,,,,,,,,,,,,,,
,,,,,,,,,,,,,,,,,,,,,,
,,,,,,,,,,,,,,,,,,,,,,
,,,,,,,,,,,,,,,,,,,,,,
,,,,,,,,,,,,,,,,,,,,,,
,,,,,,,,,,,,,,,,,,,,,,
,,,,,,,,,,,,,,,,,,,,,,
,,,,,,,,,,,,,,,,,,,,,,
,,,,,,,,,,,,,,,,,,,,,,
,,,,,,,,,,,,,,,,,,,,,,
,,,,,,,,,,,,,,,,,,,,,,
,,,,,,,,,,,,,,,,,,,,,,
,,,,,,,,,,,,,,,,,,,,,,
,,,,,,,,,,,,,,,,,,,,,,
,,,,,,,,,,,,,,,,,,,,,,
,,,,,,,,,,,,,,,,,,,,,,
,,,,,,,,,,,,,,,,,,,,,,
,,,,,,,,,,,,,,,,,,,,,,
,,,,,,,,,,,,,,,,,,,,,,
,,,,,,,,,,,,,,,,,,,,,,
,,,,,,,,,,,,,,,,,,,,,,
,,,,,,,,,,,,,,,,,,,,,,
,,,,,,,,,,,,,,,,,,,,,,
,,,,,,,,,,,,,,,,,,,,,,
,,,,,,,,,,,,,,,,,,,,,,
,,,,,,,,,,,,,,,,,,,,,,
,,,,,,,,,,,,,,,,,,,,,,
,,,,,,,,,,,,,,,,,,,,,,
,,,,,,,,,,,,,,,,,,,,,,
,,,,,,,,,,,,,,,,,,,,,,
,,,,,,,,,,,,,,,,,,,,,,
,,,,,,,,,,,,,,,,,,,,,,
,,,,,,,,,,,,,,,,,,,,,,
,,,,,,,,,,,,,,,,,,,,,,
,,,,,,,,,,,,,,,,,,,,,,
,,,,,,,,,,,,,,,,,,,,,,
,,,,,,,,,,,,,,,,,,,,,,
,,,,,,,,,,,,,,,,,,,,,,
,,,,,,,,,,,,,,,,,,,,,,
,,,,,,,,,,,,,,,,,,,,,,
,,,,,,,,,,,,,,,,,,,,,,
,,,,,,,,,,,,,,,,,,,,,,
,,,,,,,,,,,,,,,,,,,,,,
,,,,,,,,,,,,,,,,,,,,,,
,,,,,,,,,,,,,,,,,,,,,,
,,,,,,,,,,,,,,,,,,,,,,
,,,,,,,,,,,,,,,,,,,,,,
,,,,,,,,,,,,,,,,,,,,,,
,,,,,,,,,,,,,,,,,,,,,,
,,,,,,,,,,,,,,,,,,,,,,
,,,,,,,,,,,,,,,,,,,,,,
,,,,,,,,,,,,,,,,,,,,,,
,,,,,,,,,,,,,,,,,,,,,,
,,,,,,,,,,,,,,,,,,,,,,
,,,,,,,,,,,,,,,,,,,,,,
,,,,,,,,,,,,,,,,,,,,,,
,,,,,,,,,,,,,,,,,,,,,,
,,,,,,,,,,,,,,,,,,,,,,
,,,,,,,,,,,,,,,,,,,,,,
,,,,,,,,,,,,,,,,,,,,,,
,,,,,,,,,,,,,,,,,,,,,,
,,,,,,,,,,,,,,,,,,,,,,
,,,,,,,,,,,,,,,,,,,,,,
,,,,,,,,,,,,,,,,,,,,,,
,,,,,,,,,,,,,,,,,,,,,,
,,,,,,,,,,,,,,,,,,,,,,
,,,,,,,,,,,,,,,,,,,,,,
,,,,,,,,,,,,,,,,,,,,,,
,,,,,,,,,,,,,,,,,,,,,,
,,,,,,,,,,,,,,,,,,,,,,
,,,,,,,,,,,,,,,,,,,,,,
,,,,,,,,,,,,,,,,,,,,,,
,,,,,,,,,,,,,,,,,,,,,,
,,,,,,,,,,,,,,,,,,,,,,
,,,,,,,,,,,,,,,,,,,,,,
,,,,,,,,,,,,,,,,,,,,,,
,,,,,,,,,,,,,,,,,,,,,,
,,,,,,,,,,,,,,,,,,,,,,
,,,,,,,,,,,,,,,,,,,,,,
,,,,,,,,,,,,,,,,,,,,,,
,,,,,,,,,,,,,,,,,,,,,,
,,,,,,,,,,,,,,,,,,,,,,
,,,,,,,,,,,,,,,,,,,,,,
,,,,,,,,,,,,,,,,,,,,,,
,,,,,,,,,,,,,,,,,,,,,,
,,,,,,,,,,,,,,,,,,,,,,
,,,,,,,,,,,,,,,,,,,,,,
,,,,,,,,,,,,,,,,,,,,,,
,,,,,,,,,,,,,,,,,,,,,,
,,,,,,,,,,,,,,,,,,,,,,
,,,,,,,,,,,,,,,,,,,,,,
,,,,,,,,,,,,,,,,,,,,,,
,,,,,,,,,,,,,,,,,,,,,,
,,,,,,,,,,,,,,,,,,,,,,
,,,,,,,,,,,,,,,,,,,,,,
,,,,,,,,,,,,,,,,,,,,,,
,,,,,,,,,,,,,,,,,,,,,,
,,,,,,,,,,,,,,,,,,,,,,
,,,,,,,,,,,,,,,,,,,,,,
,,,,,,,,,,,,,,,,,,,,,,
,,,,,,,,,,,,,,,,,,,,,,
,,,,,,,,,,,,,,,,,,,,,,
,,,,,,,,,,,,,,,,,,,,,,
,,,,,,,,,,,,,,,,,,,,,,
,,,,,,,,,,,,,,,,,,,,,,
,,,,,,,,,,,,,,,,,,,,,,
,,,,,,,,,,,,,,,,,,,,,,
,,,,,,,,,,,,,,,,,,,,,,
,,,,,,,,,,,,,,,,,,,,,,
,,,,,,,,,,,,,,,,,,,,,,
,,,,,,,,,,,,,,,,,,,,,,
,,,,,,,,,,,,,,,,,,,,,,
,,,,,,,,,,,,,,,,,,,,,,
,,,,,,,,,,,,,,,,,,,,,,
,,,,,,,,,,,,,,,,,,,,,,
,,,,,,,,,,,,,,,,,,,,,,
,,,,,,,,,,,,,,,,,,,,,,
,,,,,,,,,,,,,,,,,,,,,,
,,,,,,,,,,,,,,,,,,,,,,
,,,,,,,,,,,,,,,,,,,,,,
,,,,,,,,,,,,,,,,,,,,,,
,,,,,,,,,,,,,,,,,,,,,,
,,,,,,,,,,,,,,,,,,,,,,
,,,,,,,,,,,,,,,,,,,,,,
,,,,,,,,,,,,,,,,,,,,,,
,,,,,,,,,,,,,,,,,,,,,,
,,,,,,,,,,,,,,,,,,,,,,
,,,,,,,,,,,,,,,,,,,,,,
,,,,,,,,,,,,,,,,,,,,,,
,,,,,,,,,,,,,,,,,,,,,,
,,,,,,,,,,,,,,,,,,,,,,
,,,,,,,,,,,,,,,,,,,,,,
,,,,,,,,,,,,,,,,,,,,,,
,,,,,,,,,,,,,,,,,,,,,,
,,,,,,,,,,,,,,,,,,,,,,
,,,,,,,,,,,,,,,,,,,,,,
,,,,,,,,,,,,,,,,,,,,,,
,,,,,,,,,,,,,,,,,,,,,,
,,,,,,,,,,,,,,,,,,,,,,
,,,,,,,,,,,,,,,,,,,,,,
,,,,,,,,,,,,,,,,,,,,,,
,,,,,,,,,,,,,,,,,,,,,,
,,,,,,,,,,,,,,,,,,,,,,
,,,,,,,,,,,,,,,,,,,,,,
,,,,,,,,,,,,,,,,,,,,,,
,,,,,,,,,,,,,,,,,,,,,,
,,,,,,,,,,,,,,,,,,,,,,
,,,,,,,,,,,,,,,,,,,,,,
,,,,,,,,,,,,,,,,,,,,,,
,,,,,,,,,,,,,,,,,,,,,,
,,,,,,,,,,,,,,,,,,,,,,
,,,,,,,,,,,,,,,,,,,,,,
,,,,,,,,,,,,,,,,,,,,,,
,,,,,,,,,,,,,,,,,,,,,,
,,,,,,,,,,,,,,,,,,,,,,
,,,,,,,,,,,,,,,,,,,,,,
,,,,,,,,,,,,,,,,,,,,,,
,,,,,,,,,,,,,,,,,,,,,,
,,,,,,,,,,,,,,,,,,,,,,
,,,,,,,,,,,,,,,,,,,,,,
,,,,,,,,,,,,,,,,,,,,,,
,,,,,,,,,,,,,,,,,,,,,,
,,,,,,,,,,,,,,,,,,,,,,
,,,,,,,,,,,,,,,,,,,,,,
,,,,,,,,,,,,,,,,,,,,,,
,,,,,,,,,,,,,,,,,,,,,,
,,,,,,,,,,,,,,,,,,,,,,
,,,,,,,,,,,,,,,,,,,,,,
,,,,,,,,,,,,,,,,,,,,,,
,,,,,,,,,,,,,,,,,,,,,,
,,,,,,,,,,,,,,,,,,,,,,
,,,,,,,,,,,,,,,,,,,,,,
,,,,,,,,,,,,,,,,,,,,,,
,,,,,,,,,,,,,,,,,,,,,,
,,,,,,,,,,,,,,,,,,,,,,
,,,,,,,,,,,,,,,,,,,,,,
,,,,,,,,,,,,,,,,,,,,,,
,,,,,,,,,,,,,,,,,,,,,,
,,,,,,,,,,,,,,,,,,,,,,
,,,,,,,,,,,,,,,,,,,,,,
,,,,,,,,,,,,,,,,,,,,,,
,,,,,,,,,,,,,,,,,,,,,,
,,,,,,,,,,,,,,,,,,,,,,
,,,,,,,,,,,,,,,,,,,,,,
,,,,,,,,,,,,,,,,,,,,,,
,,,,,,,,,,,,,,,,,,,,,,
,,,,,,,,,,,,,,,,,,,,,,
,,,,,,,,,,,,,,,,,,,,,,
,,,,,,,,,,,,,,,,,,,,,,
,,,,,,,,,,,,,,,,,,,,,,
,,,,,,,,,,,,,,,,,,,,,,
,,,,,,,,,,,,,,,,,,,,,,
,,,,,,,,,,,,,,,,,,,,,,
,,,,,,,,,,,,,,,,,,,,,,
,,,,,,,,,,,,,,,,,,,,,,
,,,,,,,,,,,,,,,,,,,,,,
,,,,,,,,,,,,,,,,,,,,,,
,,,,,,,,,,,,,,,,,,,,,,